,num runs,val accuracy mean,val accuracy std,test accuracy mean,test accuracy std,val accuracy values,test accuracy values,test_metric_cls_lst,best steps,device,name,save_result,save_dir,dataset,symmetric,sample_max,base_classifier,homophily_metric,syn_num_node,syn_num_class,syn_num_degree,syn_feat_dim,syn_h_l,syn_h_s,syn_h_f,syn_train_ratio,syn_test_ratio,seed,est_h_l,est_h_s,est_h_f,topk,toprank,eval_class_wise,model,num_layers,hidden_dim,hidden_dim_multiplier,num_heads,normalization,residual,dropout,weight_decay,early_stopping,lr,num_steps,num_warmup_steps,warmup_proportion,use_sgc_features,use_identity_features,use_adjacency_features,do_not_use_original_features,num_runs,amp,verbose,datetime
0,1,0.800000011920929,,0.7760000228881836,,[0.800000011920929],[0.7760000228881836],[[]],[191],cuda:0,GCN,1,experiments/result.csv,syn,0,500,kernel_reg1,agg_homo_soft,1000,3,1 10,64,0.5,0.5,0.0,0.5,0.25,0,0,0,0,1,-1,0,GCN,2,128,1,8,LayerNorm,residual,0.2,0.001,40,3e-05,200,,0,False,False,False,False,1,False,False,"08/26/2026, 15:30:23"
0,10,0.8760147750377655,0.012982310461842863,0.8591497361660003,0.010228702998596162,"[0.8763837814331055, 0.8671587109565735, 0.9040590524673462, 0.8560885787010193, 0.8653136491775513, 0.88376384973526, 0.8819188475608826, 0.8708487153053284, 0.874538779258728, 0.8800737857818604]","[0.8650646805763245, 0.850277304649353, 0.8428835868835449, 0.8761552572250366, 0.8632162809371948, 0.8632162809371948, 0.8669131398200989, 0.8632162809371948, 0.8521257042884827, 0.8484288454055786]","[[], [], [], [], [], [], [], [], [], []]","[16, 19, 19, 13, 21, 13, 13, 20, 11, 16]",cuda:0,GCN,1,experiments/result.csv,cora,0,500,kernel_reg1,agg_homo_soft,1000,3,5 6,10,0.7,0.8,0.5,0.5,0.25,0,0,0,0,1,-1,0,GCN,2,256,1,8,LayerNorm,residual,0.4,0.001,40,0.001,1000,,0,False,False,False,False,10,False,False,"08/26/2026, 15:31:53"
0,10,0.6905904173851013,0.022345134516305955,0.6872458398342133,0.02065320616719539,"[0.6734317541122437, 0.6439114212989807, 0.7011070251464844, 0.6660516858100891, 0.7103320956230164, 0.7121771574020386, 0.6974169611930847, 0.7084870934486389, 0.6992620229721069, 0.6937269568443298]","[0.6691312193870544, 0.6913123726844788, 0.6672828197479248, 0.7134935259819031, 0.6931608319282532, 0.6635859608650208, 0.7024029493331909, 0.7227357029914856, 0.6765249371528625, 0.6728280782699585]","[[], [], [], [], [], [], [], [], [], []]","[16, 15, 13, 15, 25, 11, 28, 17, 13, 17]",cuda:0,ResNet,1,experiments/result.csv,cora,0,500,kernel_reg1,agg_homo_soft,1000,3,5 6,10,0.7,0.8,0.5,0.5,0.25,0,0,0,0,1,-1,0,ResNet,2,256,1,8,LayerNorm,residual,0.4,0.001,40,0.001,1000,,0,False,False,False,False,10,False,False,"08/26/2026, 15:34:39"
0,10,0.8760147750377655,0.012982310461842863,0.8591497361660003,0.010228702998596162,"[0.8763837814331055, 0.8671587109565735, 0.9040590524673462, 0.8560885787010193, 0.8653136491775513, 0.88376384973526, 0.8819188475608826, 0.8708487153053284, 0.874538779258728, 0.8800737857818604]","[0.8650646805763245, 0.850277304649353, 0.8428835868835449, 0.8761552572250366, 0.8632162809371948, 0.8632162809371948, 0.8669131398200989, 0.8632162809371948, 0.8521257042884827, 0.8484288454055786]","[[], [], [], [], [], [], [], [], [], []]","[16, 19, 19, 13, 21, 13, 13, 20, 11, 16]",cuda:0,GCN,1,experiments/result.csv,cora,0,500,kernel_reg1,agg_homo_soft,1000,3,5 6,10,0.7,0.8,0.5,0.5,0.25,0,0,0,0,1,-1,0,GCN,2,256,1,8,LayerNorm,residual,0.4,0.001,40,0.001,1000,,0,False,False,False,False,10,False,False,"08/26/2026, 15:34:50"
0,10,0.8791513025760651,0.0132262094004755,0.8682070314884186,0.012688645047828543,"[0.874538779258728, 0.8726937174797058, 0.8985239863395691, 0.8634686470031738, 0.8579335808753967, 0.8966789841651917, 0.8892989158630371, 0.8763837814331055, 0.8782287836074829, 0.88376384973526]","[0.8521257042884827, 0.8687615394592285, 0.878003716468811, 0.8909426927566528, 0.8632162809371948, 0.8724583983421326, 0.8669131398200989, 0.8761552572250366, 0.8669131398200989, 0.846580445766449]","[[], [], [], [], [], [], [], [], [], []]","[36, 22, 21, 28, 41, 15, 14, 48, 18, 14]",cuda:0,SAGE,1,experiments/result.csv,cora,0,500,kernel_reg1,agg_homo_soft,1000,3,5 6,10,0.7,0.8,0.5,0.5,0.25,0,0,0,0,1,-1,0,SAGE,2,256,1,8,LayerNorm,residual,0.4,0.001,40,0.001,1000,,0,False,False,False,False,10,False,False,"08/26/2026, 15:35:00"
0,10,0.8824723362922668,0.01110591662339912,0.8680221855640411,0.017101705282109483,"[0.8690037131309509, 0.874538779258728, 0.9003689885139465, 0.8690037131309509, 0.874538779258728, 0.892988920211792, 0.8948339819908142, 0.8856088519096375, 0.8782287836074829, 0.8856088519096375]","[0.8576709628105164, 0.8632162809371948, 0.8687615394592285, 0.8946395516395569, 0.874306857585907, 0.874306857585907, 0.8650646805763245, 0.8872458338737488, 0.8632162809371948, 0.8317930102348328]","[[], [], [], [], [], [], [], [], [], []]","[10, 11, 14, 17, 18, 15, 15, 13, 39, 8]",cuda:0,GAT,1,experiments/result.csv,cora,0,500,kernel_reg1,agg_homo_soft,1000,3,5 6,10,0.7,0.8,0.5,0.5,0.25,0,0,0,0,1,-1,0,GAT,2,256,1,8,LayerNorm,residual,0.4,0.001,40,0.001,1000,,0,False,False,False,False,10,False,False,"08/26/2026, 15:35:12"
0,10,0.6905904173851013,0.022345134516305955,0.6872458398342133,0.02065320616719539,"[0.6734317541122437, 0.6439114212989807, 0.7011070251464844, 0.6660516858100891, 0.7103320956230164, 0.7121771574020386, 0.6974169611930847, 0.7084870934486389, 0.6992620229721069, 0.6937269568443298]","[0.6691312193870544, 0.6913123726844788, 0.6672828197479248, 0.7134935259819031, 0.6931608319282532, 0.6635859608650208, 0.7024029493331909, 0.7227357029914856, 0.6765249371528625, 0.6728280782699585]","[[], [], [], [], [], [], [], [], [], []]","[16, 15, 13, 15, 25, 11, 28, 17, 13, 17]",cuda:0,ResNet,1,experiments/result.csv,cora,0,500,kernel_reg1,agg_homo_soft,1000,3,5 6,10,0.7,0.8,0.5,0.5,0.25,0,0,0,0,1,-1,0,ResNet,2,256,1,8,LayerNorm,residual,0.4,0.001,40,0.001,1000,,0,False,False,False,False,10,False,False,"08/26/2026, 15:38:00"
0,10,0.8760147750377655,0.012982310461842863,0.8591497361660003,0.010228702998596162,"[0.8763837814331055, 0.8671587109565735, 0.9040590524673462, 0.8560885787010193, 0.8653136491775513, 0.88376384973526, 0.8819188475608826, 0.8708487153053284, 0.874538779258728, 0.8800737857818604]","[0.8650646805763245, 0.850277304649353, 0.8428835868835449, 0.8761552572250366, 0.8632162809371948, 0.8632162809371948, 0.8669131398200989, 0.8632162809371948, 0.8521257042884827, 0.8484288454055786]","[[], [], [], [], [], [], [], [], [], []]","[16, 19, 19, 13, 21, 13, 13, 20, 11, 16]",cuda:0,GCN,1,experiments/result.csv,cora,0,500,kernel_reg1,agg_homo_soft,1000,3,5 6,10,0.7,0.8,0.5,0.5,0.25,0,0,0,0,1,-1,0,GCN,2,256,1,8,LayerNorm,residual,0.4,0.001,40,0.001,1000,,0,False,False,False,False,10,False,False,"08/26/2026, 15:38:11"
0,10,0.8791513025760651,0.0132262094004755,0.8682070314884186,0.012688645047828543,"[0.874538779258728, 0.8726937174797058, 0.8985239863395691, 0.8634686470031738, 0.8579335808753967, 0.8966789841651917, 0.8892989158630371, 0.8763837814331055, 0.8782287836074829, 0.88376384973526]","[0.8521257042884827, 0.8687615394592285, 0.878003716468811, 0.8909426927566528, 0.8632162809371948, 0.8724583983421326, 0.8669131398200989, 0.8761552572250366, 0.8669131398200989, 0.846580445766449]","[[], [], [], [], [], [], [], [], [], []]","[36, 22, 21, 28, 41, 15, 14, 48, 18, 14]",cuda:0,SAGE,1,experiments/result.csv,cora,0,500,kernel_reg1,agg_homo_soft,1000,3,5 6,10,0.7,0.8,0.5,0.5,0.25,0,0,0,0,1,-1,0,SAGE,2,256,1,8,LayerNorm,residual,0.4,0.001,40,0.001,1000,,0,False,False,False,False,10,False,False,"08/26/2026, 15:38:22"
0,10,0.8824723362922668,0.01110591662339912,0.8680221855640411,0.017101705282109483,"[0.8690037131309509, 0.874538779258728, 0.9003689885139465, 0.8690037131309509, 0.874538779258728, 0.892988920211792, 0.8948339819908142, 0.8856088519096375, 0.8782287836074829, 0.8856088519096375]","[0.8576709628105164, 0.8632162809371948, 0.8687615394592285, 0.8946395516395569, 0.874306857585907, 0.874306857585907, 0.8650646805763245, 0.8872458338737488, 0.8632162809371948, 0.8317930102348328]","[[], [], [], [], [], [], [], [], [], []]","[10, 11, 14, 17, 18, 15, 15, 13, 39, 8]",cuda:0,GAT,1,experiments/result.csv,cora,0,500,kernel_reg1,agg_homo_soft,1000,3,5 6,10,0.7,0.8,0.5,0.5,0.25,0,0,0,0,1,-1,0,GAT,2,256,1,8,LayerNorm,residual,0.4,0.001,40,0.001,1000,,0,False,False,False,False,10,False,False,"08/26/2026, 15:38:34"
0,10,0.7097744405269623,0.010223601104287348,0.7078195571899414,0.007669342179819868,"[0.7112782001495361, 0.7097744345664978, 0.727819561958313, 0.7037594318389893, 0.7007519006729126, 0.693233072757721, 0.7052631378173828, 0.7067669034004211, 0.7187970280647278, 0.7203007340431213]","[0.7112782001495361, 0.7112782001495361, 0.6977443695068359, 0.7082706689834595, 0.6992481350898743, 0.7157894968986511, 0.7067669034004211, 0.6962406039237976, 0.7172932624816895, 0.7142857313156128]","[[], [], [], [], [], [], [], [], [], []]","[16, 28, 35, 7, 7, 8, 9, 13, 8, 9]",cuda:0,ResNet,1,experiments/result.csv,citeseer,0,500,kernel_reg1,agg_homo_soft,1000,3,5 6,10,0.7,0.8,0.5,0.5,0.25,0,0,0,0,1,-1,0,ResNet,2,256,1,8,LayerNorm,residual,0.4,0.001,40,0.001,1000,,0,False,False,False,False,10,False,False,"08/26/2026, 15:38:43"
0,10,0.7619549036026001,0.01266197269684215,0.7595488846302032,0.015028404496267984,"[0.7834586501121521, 0.7654135227203369, 0.7744361162185669, 0.75789475440979, 0.7593985199928284, 0.7413533926010132, 0.7609022855758667, 0.7473684549331665, 0.7563909888267517, 0.7729323506355286]","[0.7548872232437134, 0.7383458614349365, 0.7518796920776367, 0.7759398818016052, 0.7473684549331665, 0.7759398818016052, 0.7428571581840515, 0.7654135227203369, 0.7819548845291138, 0.7609022855758667]","[[], [], [], [], [], [], [], [], [], []]","[10, 14, 9, 6, 5, 9, 6, 7, 7, 8]",cuda:0,GCN,1,experiments/result.csv,citeseer,0,500,kernel_reg1,agg_homo_soft,1000,3,5 6,10,0.7,0.8,0.5,0.5,0.25,0,0,0,0,1,-1,0,GCN,2,256,1,8,LayerNorm,residual,0.4,0.001,40,0.001,1000,,0,False,False,False,False,10,False,False,"08/26/2026, 15:38:54"
0,10,0.768872183561325,0.016473628784193835,0.7642105281352997,0.011469828991350897,"[0.7864661812782288, 0.7744361162185669, 0.7879699468612671, 0.75789475440979, 0.7699248194694519, 0.7338345646858215, 0.7774435877799988, 0.7563909888267517, 0.7639097571372986, 0.7804511189460754]","[0.7654135227203369, 0.7669172883033752, 0.7458646893501282, 0.7849624156951904, 0.7654135227203369, 0.7548872232437134, 0.7503759264945984, 0.7639097571372986, 0.7729323506355286, 0.7714285850524902]","[[], [], [], [], [], [], [], [], [], []]","[7, 12, 10, 8, 6, 12, 8, 9, 8, 19]",cuda:0,SAGE,1,experiments/result.csv,citeseer,0,500,kernel_reg1,agg_homo_soft,1000,3,5 6,10,0.7,0.8,0.5,0.5,0.25,0,0,0,0,1,-1,0,SAGE,2,256,1,8,LayerNorm,residual,0.4,0.001,40,0.001,1000,,0,False,False,False,False,10,False,False,"08/26/2026, 15:39:03"
0,10,0.7651127934455871,0.01651551675897269,0.760300749540329,0.016245555682051084,"[0.7864661812782288, 0.7714285850524902, 0.7669172883033752, 0.7593985199928284, 0.7654135227203369, 0.723308265209198, 0.7714285850524902, 0.7684210538864136, 0.762406051158905, 0.7759398818016052]","[0.7639097571372986, 0.7443609237670898, 0.7338345646858215, 0.7849624156951904, 0.7639097571372986, 0.75789475440979, 0.7503759264945984, 0.753383457660675, 0.7654135227203369, 0.7849624156951904]","[[], [], [], [], [], [], [], [], [], []]","[6, 15, 21, 5, 9, 8, 7, 6, 9, 7]",cuda:0,GAT,1,experiments/result.csv,citeseer,0,500,kernel_reg1,agg_homo_soft,1000,3,5 6,10,0.7,0.8,0.5,0.5,0.25,0,0,0,0,1,-1,0,GAT,2,256,1,8,LayerNorm,residual,0.4,0.001,40,0.001,1000,,0,False,False,False,False,10,False,False,"08/26/2026, 15:39:15"
0,10,0.8731930255889893,0.004616432427871169,0.8678924977779389,0.003880372159144494,"[0.8759827613830566, 0.8719249367713928, 0.8790261745452881, 0.869642436504364, 0.8681207299232483, 0.8744611144065857, 0.8767436146736145, 0.87293940782547, 0.8648237586021423, 0.8782653212547302]","[0.862034022808075, 0.8612731695175171, 0.8731930255889893, 0.8691352009773254, 0.8721785545349121, 0.8665990829467773, 0.8704032897949219, 0.8671063184738159, 0.8686279654502869, 0.8683743476867676]","[[], [], [], [], [], [], [], [], [], []]","[123, 162, 78, 118, 106, 89, 101, 60, 75, 108]",cuda:0,ResNet,1,experiments/result.csv,pubmed,0,500,kernel_reg1,agg_homo_soft,1000,3,5 6,10,0.7,0.8,0.5,0.5,0.25,0,0,0,0,1,-1,0,ResNet,2,256,1,8,LayerNorm,residual,0.4,0.001,40,0.001,1000,,0,False,False,False,False,10,False,False,"08/26/2026, 15:39:30"
0,10,0.8896018624305725,0.00458854096809302,0.8870403528213501,0.002721537827973584,"[0.8871418237686157, 0.890692412853241, 0.8919604420661926, 0.8835912346839905, 0.8851128816604614, 0.8919604420661926, 0.8932285308837891, 0.8911996483802795, 0.8835912346839905, 0.8975399732589722]","[0.8843520283699036, 0.8891707062721252, 0.8881562352180481, 0.8858737349510193, 0.8927212953567505, 0.8853664994239807, 0.8863809704780579, 0.8833376169204712, 0.8886634707450867, 0.8863809704780579]","[[], [], [], [], [], [], [], [], [], []]","[40, 36, 61, 54, 74, 51, 47, 49, 44, 94]",cuda:0,GCN,1,experiments/result.csv,pubmed,0,500,kernel_reg1,agg_homo_soft,1000,3,5 6,10,0.7,0.8,0.5,0.5,0.25,0,0,0,0,1,-1,0,GCN,2,256,1,8,LayerNorm,residual,0.4,0.001,40,0.001,1000,,0,False,False,False,False,10,False,False,"08/26/2026, 15:39:48"
0,10,0.8912757158279419,0.004936687683297969,0.8895004153251648,0.004092987886322533,"[0.8879026174545288, 0.8922140598297119, 0.8947502374649048, 0.882323145866394, 0.8861273527145386, 0.8952574729919434, 0.8937357664108276, 0.8957647085189819, 0.8876490592956543, 0.8970327377319336]","[0.8856201171875, 0.887395441532135, 0.8896779417991638, 0.8856201171875, 0.890692412853241, 0.8884098529815674, 0.8853664994239807, 0.8914532661437988, 0.8988080620765686, 0.8919604420661926]","[[], [], [], [], [], [], [], [], [], []]","[76, 76, 105, 51, 117, 122, 98, 134, 128, 87]",cuda:0,SAGE,1,experiments/result.csv,pubmed,0,500,kernel_reg1,agg_homo_soft,1000,3,5 6,10,0.7,0.8,0.5,0.5,0.25,0,0,0,0,1,-1,0,SAGE,2,256,1,8,LayerNorm,residual,0.4,0.001,40,0.001,1000,,0,False,False,False,False,10,False,False,"08/26/2026, 15:40:10"
0,10,0.8880041003227234,0.005111865829950377,0.8869642734527587,0.005817851567497705,"[0.8808014392852783, 0.8939893841743469, 0.887395441532135, 0.8833376169204712, 0.882323145866394, 0.8904387950897217, 0.890692412853241, 0.8911996483802795, 0.8843520283699036, 0.8955110907554626]","[0.8856201171875, 0.8927212953567505, 0.8863809704780579, 0.8777580857276917, 0.8851128816604614, 0.8858737349510193, 0.8818159103393555, 0.8871418237686157, 0.8879026174545288, 0.8993152976036072]","[[], [], [], [], [], [], [], [], [], []]","[61, 95, 127, 101, 118, 49, 43, 38, 60, 47]",cuda:0,GAT,1,experiments/result.csv,pubmed,0,500,kernel_reg1,agg_homo_soft,1000,3,5 6,10,0.7,0.8,0.5,0.5,0.25,0,0,0,0,1,-1,0,GAT,2,256,1,8,LayerNorm,residual,0.4,0.001,40,0.001,1000,,0,False,False,False,False,10,False,False,"08/26/2026, 15:40:35"
0,10,0.9102614641189575,0.005053816287231652,0.904381912946701,0.006376857200686241,"[0.9169934988021851, 0.915686309337616, 0.9104575514793396, 0.9124183058738708, 0.9078431725502014, 0.9065359830856323, 0.9117647409439087, 0.9143791198730469, 0.9058823585510254, 0.900653600692749]","[0.9018966555595398, 0.8953564167022705, 0.9143230319023132, 0.9032046794891357, 0.906474769115448, 0.8986265063285828, 0.911052942276001, 0.9117069840431213, 0.9032046794891357, 0.8979724645614624]","[[], [], [], [], [], [], [], [], [], []]","[34, 45, 35, 38, 29, 32, 34, 35, 22, 62]",cuda:0,ResNet,1,experiments/result.csv,amazon-photo,0,500,kernel_reg1,agg_homo_soft,1000,3,5 6,10,0.7,0.8,0.5,0.5,0.25,0,0,0,0,1,-1,0,ResNet,2,256,1,8,LayerNorm,residual,0.4,0.001,40,0.001,1000,,0,False,False,False,False,10,False,False,"08/26/2026, 15:40:45"
0,10,0.9539215862751007,0.004327228847826588,0.9538914024829864,0.005560246002462045,"[0.9581699371337891, 0.9522876143455505, 0.9549019932746887, 0.9607843160629272, 0.9522876143455505, 0.9516339898109436, 0.9516339898109436, 0.9594771265983582, 0.9470588564872742, 0.9509804248809814]","[0.9587965607643127, 0.9476782083511353, 0.9627206921577454, 0.9450621008872986, 0.9535644054412842, 0.9581425189971924, 0.9535644054412842, 0.9496402740478516, 0.9581425189971924, 0.9516023397445679]","[[], [], [], [], [], [], [], [], [], []]","[73, 90, 45, 119, 76, 85, 111, 90, 46, 149]",cuda:0,GCN,1,experiments/result.csv,amazon-photo,0,500,kernel_reg1,agg_homo_soft,1000,3,5 6,10,0.7,0.8,0.5,0.5,0.25,0,0,0,0,1,-1,0,GCN,2,256,1,8,LayerNorm,residual,0.4,0.001,40,0.001,1000,,0,False,False,False,False,10,False,False,"08/26/2026, 15:41:05"
0,10,0.9555555760860444,0.005982366474950975,0.9543492019176483,0.003773484379458604,"[0.9607843160629272, 0.9522876143455505, 0.958823561668396, 0.9627451300621033, 0.9470588564872742, 0.9555555582046509, 0.9490196108818054, 0.9640523195266724, 0.9496732354164124, 0.9555555582046509]","[0.9502942562103271, 0.9542183876037598, 0.9574885368347168, 0.9483321905136108, 0.9509482979774475, 0.9574885368347168, 0.9561804533004761, 0.9561804533004761, 0.9601045846939087, 0.9522563219070435]","[[], [], [], [], [], [], [], [], [], []]","[33, 32, 60, 41, 24, 36, 82, 37, 36, 52]",cuda:0,SAGE,1,experiments/result.csv,amazon-photo,0,500,kernel_reg1,agg_homo_soft,1000,3,5 6,10,0.7,0.8,0.5,0.5,0.25,0,0,0,0,1,-1,0,SAGE,2,256,1,8,LayerNorm,residual,0.4,0.001,40,0.001,1000,,0,False,False,False,False,10,False,False,"08/26/2026, 15:41:16"
0,10,0.9562745332717896,0.004981923304980931,0.9554610550403595,0.0033412802048274045,"[0.9614379405975342, 0.95686274766922, 0.9549019932746887, 0.9640523195266724, 0.9529411792755127, 0.9562091827392578, 0.9496732354164124, 0.9627451300621033, 0.9522876143455505, 0.9516339898109436]","[0.9548724293708801, 0.9516023397445679, 0.9555264711380005, 0.9535644054412842, 0.9561804533004761, 0.9574885368347168, 0.9561804533004761, 0.9535644054412842, 0.9633747339248657, 0.9522563219070435]","[[], [], [], [], [], [], [], [], [], []]","[44, 49, 52, 65, 46, 46, 68, 30, 48, 30]",cuda:0,GAT,1,experiments/result.csv,amazon-photo,0,500,kernel_reg1,agg_homo_soft,1000,3,5 6,10,0.7,0.8,0.5,0.5,0.25,0,0,0,0,1,-1,0,GAT,2,256,1,8,LayerNorm,residual,0.4,0.001,40,0.001,1000,,0,False,False,False,False,10,False,False,"08/26/2026, 15:41:37"
0,10,0.8447636187076568,0.005370258105206331,0.8369090735912323,0.008935640905930142,"[0.8498181700706482, 0.8396363258361816, 0.8534545302391052, 0.8389090895652771, 0.843999981880188, 0.840363621711731, 0.8399999737739563, 0.8429090976715088, 0.8469090461730957, 0.8516363501548767]","[0.8421818017959595, 0.8294545412063599, 0.8432726860046387, 0.8490908741950989, 0.8443636298179626, 0.8429090976715088, 0.8381817936897278, 0.8309090733528137, 0.8254545331001282, 0.823272705078125]","[[], [], [], [], [], [], [], [], [], []]","[53, 31, 100, 95, 85, 32, 59, 136, 35, 85]",cuda:0,ResNet,1,experiments/result.csv,amazon-computer,0,500,kernel_reg1,agg_homo_soft,1000,3,5 6,10,0.7,0.8,0.5,0.5,0.25,0,0,0,0,1,-1,0,ResNet,2,256,1,8,LayerNorm,residual,0.4,0.001,40,0.001,1000,,0,False,False,False,False,10,False,False,"08/26/2026, 15:41:52"
0,10,0.9197090625762939,0.004573408798889682,0.9154908835887909,0.0071775530042657645,"[0.9163635969161987, 0.9149090647697449, 0.9269090890884399, 0.9138181805610657, 0.9163635969161987, 0.9167272448539734, 0.9239999651908875, 0.9218181371688843, 0.9221817851066589, 0.9239999651908875]","[0.9239999651908875, 0.9141817688941956, 0.9058181643486023, 0.9159999489784241, 0.9210909008979797, 0.9185454249382019, 0.9120000004768372, 0.925818145275116, 0.9039999842643738, 0.913454532623291]","[[], [], [], [], [], [], [], [], [], []]","[49, 34, 64, 64, 52, 62, 62, 45, 53, 60]",cuda:0,GCN,1,experiments/result.csv,amazon-computer,0,500,kernel_reg1,agg_homo_soft,1000,3,5 6,10,0.7,0.8,0.5,0.5,0.25,0,0,0,0,1,-1,0,GCN,2,256,1,8,LayerNorm,residual,0.4,0.001,40,0.001,1000,,0,False,False,False,False,10,False,False,"08/26/2026, 15:42:11"
0,10,0.9125817954540253,0.004812600093950718,0.9088363409042358,0.004938705280981054,"[0.9116363525390625, 0.9145454168319702, 0.9214545488357544, 0.9047272205352783, 0.9101818203926086, 0.906181812286377, 0.9145454168319702, 0.9149090647697449, 0.912363588809967, 0.9152727127075195]","[0.9174545407295227, 0.9043636322021484, 0.9054545164108276, 0.9105454087257385, 0.9141817688941956, 0.9072726964950562, 0.905090868473053, 0.9138181805610657, 0.9025454521179199, 0.9076363444328308]","[[], [], [], [], [], [], [], [], [], []]","[47, 44, 44, 46, 39, 36, 59, 51, 46, 66]",cuda:0,SAGE,1,experiments/result.csv,amazon-computer,0,500,kernel_reg1,agg_homo_soft,1000,3,5 6,10,0.7,0.8,0.5,0.5,0.25,0,0,0,0,1,-1,0,SAGE,2,256,1,8,LayerNorm,residual,0.4,0.001,40,0.001,1000,,0,False,False,False,False,10,False,False,"08/26/2026, 15:42:25"
0,10,0.9211999833583832,0.005825879234786273,0.9168363392353058,0.005222112870150522,"[0.9196363687515259, 0.9250909090042114, 0.9298181533813477, 0.9120000004768372, 0.9159999489784241, 0.9145454168319702, 0.9265454411506653, 0.9196363687515259, 0.9261817932128906, 0.9225454330444336]","[0.9192727208137512, 0.9079999923706055, 0.9145454168319702, 0.9178181290626526, 0.9196363687515259, 0.9189090728759766, 0.9141817688941956, 0.9272726774215698, 0.9116363525390625, 0.917090892791748]","[[], [], [], [], [], [], [], [], [], []]","[46, 71, 39, 43, 55, 51, 55, 48, 44, 72]",cuda:0,GAT,1,experiments/result.csv,amazon-computer,0,500,kernel_reg1,agg_homo_soft,1000,3,5 6,10,0.7,0.8,0.5,0.5,0.25,0,0,0,0,1,-1,0,GAT,2,256,1,8,LayerNorm,residual,0.4,0.001,40,0.001,1000,,0,False,False,False,False,10,False,False,"08/26/2026, 15:42:54"
0,10,0.9441232740879059,0.002543437602274108,0.9434806525707244,0.003045129258843534,"[0.9446414113044739, 0.9449141025543213, 0.9446414113044739, 0.9435505867004395, 0.9460049271583557, 0.9400054812431335, 0.9490046501159668, 0.9446414113044739, 0.9430052042007446, 0.9408235549926758]","[0.9435352087020874, 0.9410802125930786, 0.945444643497467, 0.9468085169792175, 0.9421713352203369, 0.9470813274383545, 0.9451718926429749, 0.9372613430023193, 0.9413529634475708, 0.9448990821838379]","[[], [], [], [], [], [], [], [], [], []]","[13, 28, 24, 29, 32, 16, 22, 32, 26, 26]",cuda:0,ResNet,1,experiments/result.csv,coauthor-cs,0,500,kernel_reg1,agg_homo_soft,1000,3,5 6,10,0.7,0.8,0.5,0.5,0.25,0,0,0,0,1,-1,0,ResNet,2,256,1,8,LayerNorm,residual,0.4,0.001,40,0.001,1000,,0,False,False,False,False,10,False,False,"08/26/2026, 15:43:12"
0,10,0.9569130122661591,0.002631412592089771,0.9560829401016235,0.0024734531430850594,"[0.9590946435928345, 0.9544587135314941, 0.9585492014884949, 0.9571857452392578, 0.9555494785308838, 0.9569129943847656, 0.9626397490501404, 0.9544587135314941, 0.9560949206352234, 0.954185962677002]","[0.9549918174743652, 0.9596290588378906, 0.9544462561607361, 0.9585379362106323, 0.9571740627288818, 0.957446813583374, 0.9517185091972351, 0.9530823826789856, 0.9571740627288818, 0.9566285014152527]","[[], [], [], [], [], [], [], [], [], []]","[30, 29, 30, 19, 28, 19, 18, 46, 29, 13]",cuda:0,GCN,1,experiments/result.csv,coauthor-cs,0,500,kernel_reg1,agg_homo_soft,1000,3,5 6,10,0.7,0.8,0.5,0.5,0.25,0,0,0,0,1,-1,0,GCN,2,256,1,8,LayerNorm,residual,0.4,0.001,40,0.001,1000,,0,False,False,False,False,10,False,False,"08/26/2026, 15:43:32"
0,10,0.9555494904518127,0.002170229660063199,0.9551009416580201,0.0029130291562907123,"[0.9569129943847656, 0.9569129943847656, 0.9569129943847656, 0.9555494785308838, 0.9566403031349182, 0.955004096031189, 0.9590946435928345, 0.9525497555732727, 0.9525497555732727, 0.9533678889274597]","[0.9569012522697449, 0.957719624042511, 0.9588106870651245, 0.9549918174743652, 0.9549918174743652, 0.9558101892471313, 0.9522640705108643, 0.9487179517745972, 0.9541735053062439, 0.9566285014152527]","[[], [], [], [], [], [], [], [], [], []]","[28, 63, 25, 24, 15, 15, 20, 38, 36, 15]",cuda:0,SAGE,1,experiments/result.csv,coauthor-cs,0,500,kernel_reg1,agg_homo_soft,1000,3,5 6,10,0.7,0.8,0.5,0.5,0.25,0,0,0,0,1,-1,0,SAGE,2,256,1,8,LayerNorm,residual,0.4,0.001,40,0.001,1000,,0,False,False,False,False,10,False,False,"08/26/2026, 15:43:51"
0,10,0.9563948750495911,0.001964177866859637,0.9551282286643982,0.00287892164319375,"[0.9593673348426819, 0.9566403031349182, 0.9593673348426819, 0.9552767872810364, 0.9569129943847656, 0.9560949206352234, 0.9574584364891052, 0.9539132714271545, 0.9539132714271545, 0.955004096031189]","[0.9558101892471313, 0.9601746201515198, 0.9582651853561401, 0.9552646279335022, 0.9528096318244934, 0.9560829401016235, 0.9498090744018555, 0.9530823826789856, 0.9549918174743652, 0.9549918174743652]","[[], [], [], [], [], [], [], [], [], []]","[39, 43, 23, 23, 11, 16, 11, 33, 32, 15]",cuda:0,GAT,1,experiments/result.csv,coauthor-cs,0,500,kernel_reg1,agg_homo_soft,1000,3,5 6,10,0.7,0.8,0.5,0.5,0.25,0,0,0,0,1,-1,0,GAT,2,256,1,8,LayerNorm,residual,0.4,0.001,40,0.001,1000,,0,False,False,False,False,10,False,False,"08/26/2026, 15:44:17"
0,10,0.81841881275177,0.00633688123256252,0.8111538410186767,0.006482491759951609,"[0.8170940279960632, 0.8128204941749573, 0.8149572610855103, 0.8243589997291565, 0.8205128312110901, 0.8064102530479431, 0.8158119916915894, 0.8243589997291565, 0.8200854659080505, 0.8277778029441833]","[0.8034188151359558, 0.8128204941749573, 0.8230769038200378, 0.8111110925674438, 0.8068376183509827, 0.8085470199584961, 0.8081196546554565, 0.8064102530479431, 0.8094016909599304, 0.821794867515564]","[[], [], [], [], [], [], [], [], [], []]","[83, 113, 122, 142, 111, 155, 73, 130, 85, 125]",cuda:0,ResNet,1,experiments/result.csv,wikics,0,500,kernel_reg1,agg_homo_soft,1000,3,5 6,10,0.7,0.8,0.5,0.5,0.25,0,0,0,0,1,-1,0,ResNet,2,256,1,8,LayerNorm,residual,0.4,0.001,40,0.001,1000,,0,False,False,False,False,10,False,False,"08/26/2026, 15:44:32"
0,10,0.8561111152172088,0.004059466289568913,0.8502991497516632,0.0041777065995399695,"[0.8581196665763855, 0.8538461327552795, 0.8534188270568848, 0.8538461327552795, 0.858547031879425, 0.8568376302719116, 0.8547008633613586, 0.8504273295402527, 0.8559828996658325, 0.8653846383094788]","[0.8478632569313049, 0.846581220626831, 0.8500000238418579, 0.8504273295402527, 0.8538461327552795, 0.8534188270568848, 0.8568376302719116, 0.8418803215026855, 0.8512820601463318, 0.8508546948432922]","[[], [], [], [], [], [], [], [], [], []]","[95, 92, 87, 134, 136, 76, 93, 135, 74, 117]",cuda:0,GCN,1,experiments/result.csv,wikics,0,500,kernel_reg1,agg_homo_soft,1000,3,5 6,10,0.7,0.8,0.5,0.5,0.25,0,0,0,0,1,-1,0,GCN,2,256,1,8,LayerNorm,residual,0.4,0.001,40,0.001,1000,,0,False,False,False,False,10,False,False,"08/26/2026, 15:44:56"
0,10,0.8634188115596771,0.002674118976482921,0.8564957201480865,0.005162902512421733,"[0.8636752367019653, 0.8628205060958862, 0.8632478713989258, 0.8602564334869385, 0.8632478713989258, 0.8662393093109131, 0.8602564334869385, 0.8683760762214661, 0.8606837391853333, 0.8653846383094788]","[0.8581196665763855, 0.8538461327552795, 0.8628205060958862, 0.8538461327552795, 0.846581220626831, 0.8611111044883728, 0.8623931407928467, 0.8542734980583191, 0.8594017028808594, 0.8525640964508057]","[[], [], [], [], [], [], [], [], [], []]","[79, 119, 84, 86, 99, 80, 65, 95, 106, 87]",cuda:0,SAGE,1,experiments/result.csv,wikics,0,500,kernel_reg1,agg_homo_soft,1000,3,5 6,10,0.7,0.8,0.5,0.5,0.25,0,0,0,0,1,-1,0,SAGE,2,256,1,8,LayerNorm,residual,0.4,0.001,40,0.001,1000,,0,False,False,False,False,10,False,False,"08/26/2026, 15:45:12"
0,10,0.8622649610042572,0.005648112166540825,0.856581199169159,0.0023075192427745007,"[0.8756410479545593, 0.8564102649688721, 0.867521345615387, 0.8598290681838989, 0.8636752367019653, 0.857692301273346, 0.8589743375778198, 0.8619658350944519, 0.8602564334869385, 0.8606837391853333]","[0.8564102649688721, 0.8542734980583191, 0.8598290681838989, 0.8529914617538452, 0.8568376302719116, 0.8581196665763855, 0.8572649359703064, 0.8559828996658325, 0.8598290681838989, 0.8542734980583191]","[[], [], [], [], [], [], [], [], [], []]","[123, 88, 75, 84, 103, 64, 127, 85, 162, 74]",cuda:0,GAT,1,experiments/result.csv,wikics,0,500,kernel_reg1,agg_homo_soft,1000,3,5 6,10,0.7,0.8,0.5,0.5,0.25,0,0,0,0,1,-1,0,GAT,2,256,1,8,LayerNorm,residual,0.4,0.001,40,0.001,1000,,0,False,False,False,False,10,False,False,"08/26/2026, 15:46:02"
0,10,0.6905904173851013,0.022345134516305955,0.6872458398342133,0.02065320616719539,"[0.6734317541122437, 0.6439114212989807, 0.7011070251464844, 0.6660516858100891, 0.7103320956230164, 0.7121771574020386, 0.6974169611930847, 0.7084870934486389, 0.6992620229721069, 0.6937269568443298]","[0.6691312193870544, 0.6913123726844788, 0.6672828197479248, 0.7134935259819031, 0.6931608319282532, 0.6635859608650208, 0.7024029493331909, 0.7227357029914856, 0.6765249371528625, 0.6728280782699585]","[[], [], [], [], [], [], [], [], [], []]","[16, 15, 13, 15, 25, 11, 28, 17, 13, 17]",cuda:0,ResNet,1,experiments/result.csv,cora,0,500,kernel_reg1,agg_homo_soft,1000,3,5 6,10,0.7,0.8,0.5,0.5,0.25,0,0,0,0,1,-1,0,ResNet,2,256,1,8,LayerNorm,residual,0.4,0.001,40,0.001,1000,,0,False,False,False,False,10,False,False,"08/26/2026, 15:46:38"
0,10,0.8760147750377655,0.012982310461842863,0.8591497361660003,0.010228702998596162,"[0.8763837814331055, 0.8671587109565735, 0.9040590524673462, 0.8560885787010193, 0.8653136491775513, 0.88376384973526, 0.8819188475608826, 0.8708487153053284, 0.874538779258728, 0.8800737857818604]","[0.8650646805763245, 0.850277304649353, 0.8428835868835449, 0.8761552572250366, 0.8632162809371948, 0.8632162809371948, 0.8669131398200989, 0.8632162809371948, 0.8521257042884827, 0.8484288454055786]","[[], [], [], [], [], [], [], [], [], []]","[16, 19, 19, 13, 21, 13, 13, 20, 11, 16]",cuda:0,GCN,1,experiments/result.csv,cora,0,500,kernel_reg1,agg_homo_soft,1000,3,5 6,10,0.7,0.8,0.5,0.5,0.25,0,0,0,0,1,-1,0,GCN,2,256,1,8,LayerNorm,residual,0.4,0.001,40,0.001,1000,,0,False,False,False,False,10,False,False,"08/26/2026, 15:46:49"
0,10,0.8791513025760651,0.0132262094004755,0.8682070314884186,0.012688645047828543,"[0.874538779258728, 0.8726937174797058, 0.8985239863395691, 0.8634686470031738, 0.8579335808753967, 0.8966789841651917, 0.8892989158630371, 0.8763837814331055, 0.8782287836074829, 0.88376384973526]","[0.8521257042884827, 0.8687615394592285, 0.878003716468811, 0.8909426927566528, 0.8632162809371948, 0.8724583983421326, 0.8669131398200989, 0.8761552572250366, 0.8669131398200989, 0.846580445766449]","[[], [], [], [], [], [], [], [], [], []]","[36, 22, 21, 28, 41, 15, 14, 48, 18, 14]",cuda:0,SAGE,1,experiments/result.csv,cora,0,500,kernel_reg1,agg_homo_soft,1000,3,5 6,10,0.7,0.8,0.5,0.5,0.25,0,0,0,0,1,-1,0,SAGE,2,256,1,8,LayerNorm,residual,0.4,0.001,40,0.001,1000,,0,False,False,False,False,10,False,False,"08/26/2026, 15:46:59"
0,10,0.8824723362922668,0.01110591662339912,0.8680221855640411,0.017101705282109483,"[0.8690037131309509, 0.874538779258728, 0.9003689885139465, 0.8690037131309509, 0.874538779258728, 0.892988920211792, 0.8948339819908142, 0.8856088519096375, 0.8782287836074829, 0.8856088519096375]","[0.8576709628105164, 0.8632162809371948, 0.8687615394592285, 0.8946395516395569, 0.874306857585907, 0.874306857585907, 0.8650646805763245, 0.8872458338737488, 0.8632162809371948, 0.8317930102348328]","[[], [], [], [], [], [], [], [], [], []]","[10, 11, 14, 17, 18, 15, 15, 13, 39, 8]",cuda:0,GAT,1,experiments/result.csv,cora,0,500,kernel_reg1,agg_homo_soft,1000,3,5 6,10,0.7,0.8,0.5,0.5,0.25,0,0,0,0,1,-1,0,GAT,2,256,1,8,LayerNorm,residual,0.4,0.001,40,0.001,1000,,0,False,False,False,False,10,False,False,"08/26/2026, 15:47:12"
0,10,0.7097744405269623,0.010223601104287348,0.7078195571899414,0.007669342179819868,"[0.7112782001495361, 0.7097744345664978, 0.727819561958313, 0.7037594318389893, 0.7007519006729126, 0.693233072757721, 0.7052631378173828, 0.7067669034004211, 0.7187970280647278, 0.7203007340431213]","[0.7112782001495361, 0.7112782001495361, 0.6977443695068359, 0.7082706689834595, 0.6992481350898743, 0.7157894968986511, 0.7067669034004211, 0.6962406039237976, 0.7172932624816895, 0.7142857313156128]","[[], [], [], [], [], [], [], [], [], []]","[16, 28, 35, 7, 7, 8, 9, 13, 8, 9]",cuda:0,ResNet,1,experiments/result.csv,citeseer,0,500,kernel_reg1,agg_homo_soft,1000,3,5 6,10,0.7,0.8,0.5,0.5,0.25,0,0,0,0,1,-1,0,ResNet,2,256,1,8,LayerNorm,residual,0.4,0.001,40,0.001,1000,,0,False,False,False,False,10,False,False,"08/26/2026, 15:47:21"
0,10,0.7619549036026001,0.01266197269684215,0.7595488846302032,0.015028404496267984,"[0.7834586501121521, 0.7654135227203369, 0.7744361162185669, 0.75789475440979, 0.7593985199928284, 0.7413533926010132, 0.7609022855758667, 0.7473684549331665, 0.7563909888267517, 0.7729323506355286]","[0.7548872232437134, 0.7383458614349365, 0.7518796920776367, 0.7759398818016052, 0.7473684549331665, 0.7759398818016052, 0.7428571581840515, 0.7654135227203369, 0.7819548845291138, 0.7609022855758667]","[[], [], [], [], [], [], [], [], [], []]","[10, 14, 9, 6, 5, 9, 6, 7, 7, 8]",cuda:0,GCN,1,experiments/result.csv,citeseer,0,500,kernel_reg1,agg_homo_soft,1000,3,5 6,10,0.7,0.8,0.5,0.5,0.25,0,0,0,0,1,-1,0,GCN,2,256,1,8,LayerNorm,residual,0.4,0.001,40,0.001,1000,,0,False,False,False,False,10,False,False,"08/26/2026, 15:47:31"
0,10,0.768872183561325,0.016473628784193835,0.7642105281352997,0.011469828991350897,"[0.7864661812782288, 0.7744361162185669, 0.7879699468612671, 0.75789475440979, 0.7699248194694519, 0.7338345646858215, 0.7774435877799988, 0.7563909888267517, 0.7639097571372986, 0.7804511189460754]","[0.7654135227203369, 0.7669172883033752, 0.7458646893501282, 0.7849624156951904, 0.7654135227203369, 0.7548872232437134, 0.7503759264945984, 0.7639097571372986, 0.7729323506355286, 0.7714285850524902]","[[], [], [], [], [], [], [], [], [], []]","[7, 12, 10, 8, 6, 12, 8, 9, 8, 19]",cuda:0,SAGE,1,experiments/result.csv,citeseer,0,500,kernel_reg1,agg_homo_soft,1000,3,5 6,10,0.7,0.8,0.5,0.5,0.25,0,0,0,0,1,-1,0,SAGE,2,256,1,8,LayerNorm,residual,0.4,0.001,40,0.001,1000,,0,False,False,False,False,10,False,False,"08/26/2026, 15:47:41"
0,10,0.7651127934455871,0.01651551675897269,0.760300749540329,0.016245555682051084,"[0.7864661812782288, 0.7714285850524902, 0.7669172883033752, 0.7593985199928284, 0.7654135227203369, 0.723308265209198, 0.7714285850524902, 0.7684210538864136, 0.762406051158905, 0.7759398818016052]","[0.7639097571372986, 0.7443609237670898, 0.7338345646858215, 0.7849624156951904, 0.7639097571372986, 0.75789475440979, 0.7503759264945984, 0.753383457660675, 0.7654135227203369, 0.7849624156951904]","[[], [], [], [], [], [], [], [], [], []]","[6, 15, 21, 5, 9, 8, 7, 6, 9, 7]",cuda:0,GAT,1,experiments/result.csv,citeseer,0,500,kernel_reg1,agg_homo_soft,1000,3,5 6,10,0.7,0.8,0.5,0.5,0.25,0,0,0,0,1,-1,0,GAT,2,256,1,8,LayerNorm,residual,0.4,0.001,40,0.001,1000,,0,False,False,False,False,10,False,False,"08/26/2026, 15:47:52"
0,10,0.8731930255889893,0.004616432427871169,0.8678924977779389,0.003880372159144494,"[0.8759827613830566, 0.8719249367713928, 0.8790261745452881, 0.869642436504364, 0.8681207299232483, 0.8744611144065857, 0.8767436146736145, 0.87293940782547, 0.8648237586021423, 0.8782653212547302]","[0.862034022808075, 0.8612731695175171, 0.8731930255889893, 0.8691352009773254, 0.8721785545349121, 0.8665990829467773, 0.8704032897949219, 0.8671063184738159, 0.8686279654502869, 0.8683743476867676]","[[], [], [], [], [], [], [], [], [], []]","[123, 162, 78, 118, 106, 89, 101, 60, 75, 108]",cuda:0,ResNet,1,experiments/result.csv,pubmed,0,500,kernel_reg1,agg_homo_soft,1000,3,5 6,10,0.7,0.8,0.5,0.5,0.25,0,0,0,0,1,-1,0,ResNet,2,256,1,8,LayerNorm,residual,0.4,0.001,40,0.001,1000,,0,False,False,False,False,10,False,False,"08/26/2026, 15:48:08"
0,10,0.8896018624305725,0.00458854096809302,0.8870403528213501,0.002721537827973584,"[0.8871418237686157, 0.890692412853241, 0.8919604420661926, 0.8835912346839905, 0.8851128816604614, 0.8919604420661926, 0.8932285308837891, 0.8911996483802795, 0.8835912346839905, 0.8975399732589722]","[0.8843520283699036, 0.8891707062721252, 0.8881562352180481, 0.8858737349510193, 0.8927212953567505, 0.8853664994239807, 0.8863809704780579, 0.8833376169204712, 0.8886634707450867, 0.8863809704780579]","[[], [], [], [], [], [], [], [], [], []]","[40, 36, 61, 54, 74, 51, 47, 49, 44, 94]",cuda:0,GCN,1,experiments/result.csv,pubmed,0,500,kernel_reg1,agg_homo_soft,1000,3,5 6,10,0.7,0.8,0.5,0.5,0.25,0,0,0,0,1,-1,0,GCN,2,256,1,8,LayerNorm,residual,0.4,0.001,40,0.001,1000,,0,False,False,False,False,10,False,False,"08/26/2026, 15:48:26"
0,10,0.8912757158279419,0.004936687683297969,0.8895004153251648,0.004092987886322533,"[0.8879026174545288, 0.8922140598297119, 0.8947502374649048, 0.882323145866394, 0.8861273527145386, 0.8952574729919434, 0.8937357664108276, 0.8957647085189819, 0.8876490592956543, 0.8970327377319336]","[0.8856201171875, 0.887395441532135, 0.8896779417991638, 0.8856201171875, 0.890692412853241, 0.8884098529815674, 0.8853664994239807, 0.8914532661437988, 0.8988080620765686, 0.8919604420661926]","[[], [], [], [], [], [], [], [], [], []]","[76, 76, 105, 51, 117, 122, 98, 134, 128, 87]",cuda:0,SAGE,1,experiments/result.csv,pubmed,0,500,kernel_reg1,agg_homo_soft,1000,3,5 6,10,0.7,0.8,0.5,0.5,0.25,0,0,0,0,1,-1,0,SAGE,2,256,1,8,LayerNorm,residual,0.4,0.001,40,0.001,1000,,0,False,False,False,False,10,False,False,"08/26/2026, 15:48:48"
0,10,0.8880041003227234,0.005111865829950377,0.8869642734527587,0.005817851567497705,"[0.8808014392852783, 0.8939893841743469, 0.887395441532135, 0.8833376169204712, 0.882323145866394, 0.8904387950897217, 0.890692412853241, 0.8911996483802795, 0.8843520283699036, 0.8955110907554626]","[0.8856201171875, 0.8927212953567505, 0.8863809704780579, 0.8777580857276917, 0.8851128816604614, 0.8858737349510193, 0.8818159103393555, 0.8871418237686157, 0.8879026174545288, 0.8993152976036072]","[[], [], [], [], [], [], [], [], [], []]","[61, 95, 127, 101, 118, 49, 43, 38, 60, 47]",cuda:0,GAT,1,experiments/result.csv,pubmed,0,500,kernel_reg1,agg_homo_soft,1000,3,5 6,10,0.7,0.8,0.5,0.5,0.25,0,0,0,0,1,-1,0,GAT,2,256,1,8,LayerNorm,residual,0.4,0.001,40,0.001,1000,,0,False,False,False,False,10,False,False,"08/26/2026, 15:49:13"
0,10,0.9102614641189575,0.005053816287231652,0.904381912946701,0.006376857200686241,"[0.9169934988021851, 0.915686309337616, 0.9104575514793396, 0.9124183058738708, 0.9078431725502014, 0.9065359830856323, 0.9117647409439087, 0.9143791198730469, 0.9058823585510254, 0.900653600692749]","[0.9018966555595398, 0.8953564167022705, 0.9143230319023132, 0.9032046794891357, 0.906474769115448, 0.8986265063285828, 0.911052942276001, 0.9117069840431213, 0.9032046794891357, 0.8979724645614624]","[[], [], [], [], [], [], [], [], [], []]","[34, 45, 35, 38, 29, 32, 34, 35, 22, 62]",cuda:0,ResNet,1,experiments/result.csv,amazon-photo,0,500,kernel_reg1,agg_homo_soft,1000,3,5 6,10,0.7,0.8,0.5,0.5,0.25,0,0,0,0,1,-1,0,ResNet,2,256,1,8,LayerNorm,residual,0.4,0.001,40,0.001,1000,,0,False,False,False,False,10,False,False,"08/26/2026, 15:49:22"
0,10,0.9539215862751007,0.004327228847826588,0.9538914024829864,0.005560246002462045,"[0.9581699371337891, 0.9522876143455505, 0.9549019932746887, 0.9607843160629272, 0.9522876143455505, 0.9516339898109436, 0.9516339898109436, 0.9594771265983582, 0.9470588564872742, 0.9509804248809814]","[0.9587965607643127, 0.9476782083511353, 0.9627206921577454, 0.9450621008872986, 0.9535644054412842, 0.9581425189971924, 0.9535644054412842, 0.9496402740478516, 0.9581425189971924, 0.9516023397445679]","[[], [], [], [], [], [], [], [], [], []]","[73, 90, 45, 119, 76, 85, 111, 90, 46, 149]",cuda:0,GCN,1,experiments/result.csv,amazon-photo,0,500,kernel_reg1,agg_homo_soft,1000,3,5 6,10,0.7,0.8,0.5,0.5,0.25,0,0,0,0,1,-1,0,GCN,2,256,1,8,LayerNorm,residual,0.4,0.001,40,0.001,1000,,0,False,False,False,False,10,False,False,"08/26/2026, 15:49:42"
0,10,0.9555555760860444,0.005982366474950975,0.9543492019176483,0.003773484379458604,"[0.9607843160629272, 0.9522876143455505, 0.958823561668396, 0.9627451300621033, 0.9470588564872742, 0.9555555582046509, 0.9490196108818054, 0.9640523195266724, 0.9496732354164124, 0.9555555582046509]","[0.9502942562103271, 0.9542183876037598, 0.9574885368347168, 0.9483321905136108, 0.9509482979774475, 0.9574885368347168, 0.9561804533004761, 0.9561804533004761, 0.9601045846939087, 0.9522563219070435]","[[], [], [], [], [], [], [], [], [], []]","[33, 32, 60, 41, 24, 36, 82, 37, 36, 52]",cuda:0,SAGE,1,experiments/result.csv,amazon-photo,0,500,kernel_reg1,agg_homo_soft,1000,3,5 6,10,0.7,0.8,0.5,0.5,0.25,0,0,0,0,1,-1,0,SAGE,2,256,1,8,LayerNorm,residual,0.4,0.001,40,0.001,1000,,0,False,False,False,False,10,False,False,"08/26/2026, 15:49:54"
0,10,0.9562745332717896,0.004981923304980931,0.9554610550403595,0.0033412802048274045,"[0.9614379405975342, 0.95686274766922, 0.9549019932746887, 0.9640523195266724, 0.9529411792755127, 0.9562091827392578, 0.9496732354164124, 0.9627451300621033, 0.9522876143455505, 0.9516339898109436]","[0.9548724293708801, 0.9516023397445679, 0.9555264711380005, 0.9535644054412842, 0.9561804533004761, 0.9574885368347168, 0.9561804533004761, 0.9535644054412842, 0.9633747339248657, 0.9522563219070435]","[[], [], [], [], [], [], [], [], [], []]","[44, 49, 52, 65, 46, 46, 68, 30, 48, 30]",cuda:0,GAT,1,experiments/result.csv,amazon-photo,0,500,kernel_reg1,agg_homo_soft,1000,3,5 6,10,0.7,0.8,0.5,0.5,0.25,0,0,0,0,1,-1,0,GAT,2,256,1,8,LayerNorm,residual,0.4,0.001,40,0.001,1000,,0,False,False,False,False,10,False,False,"08/26/2026, 15:50:15"
0,10,0.8447636187076568,0.005370258105206331,0.8369090735912323,0.008935640905930142,"[0.8498181700706482, 0.8396363258361816, 0.8534545302391052, 0.8389090895652771, 0.843999981880188, 0.840363621711731, 0.8399999737739563, 0.8429090976715088, 0.8469090461730957, 0.8516363501548767]","[0.8421818017959595, 0.8294545412063599, 0.8432726860046387, 0.8490908741950989, 0.8443636298179626, 0.8429090976715088, 0.8381817936897278, 0.8309090733528137, 0.8254545331001282, 0.823272705078125]","[[], [], [], [], [], [], [], [], [], []]","[53, 31, 100, 95, 85, 32, 59, 136, 35, 85]",cuda:0,ResNet,1,experiments/result.csv,amazon-computer,0,500,kernel_reg1,agg_homo_soft,1000,3,5 6,10,0.7,0.8,0.5,0.5,0.25,0,0,0,0,1,-1,0,ResNet,2,256,1,8,LayerNorm,residual,0.4,0.001,40,0.001,1000,,0,False,False,False,False,10,False,False,"08/26/2026, 15:50:29"
0,10,0.9197090625762939,0.004573408798889682,0.9154908835887909,0.0071775530042657645,"[0.9163635969161987, 0.9149090647697449, 0.9269090890884399, 0.9138181805610657, 0.9163635969161987, 0.9167272448539734, 0.9239999651908875, 0.9218181371688843, 0.9221817851066589, 0.9239999651908875]","[0.9239999651908875, 0.9141817688941956, 0.9058181643486023, 0.9159999489784241, 0.9210909008979797, 0.9185454249382019, 0.9120000004768372, 0.925818145275116, 0.9039999842643738, 0.913454532623291]","[[], [], [], [], [], [], [], [], [], []]","[49, 34, 64, 64, 52, 62, 62, 45, 53, 60]",cuda:0,GCN,1,experiments/result.csv,amazon-computer,0,500,kernel_reg1,agg_homo_soft,1000,3,5 6,10,0.7,0.8,0.5,0.5,0.25,0,0,0,0,1,-1,0,GCN,2,256,1,8,LayerNorm,residual,0.4,0.001,40,0.001,1000,,0,False,False,False,False,10,False,False,"08/26/2026, 15:50:48"
0,10,0.9125817954540253,0.004812600093950718,0.9088363409042358,0.004938705280981054,"[0.9116363525390625, 0.9145454168319702, 0.9214545488357544, 0.9047272205352783, 0.9101818203926086, 0.906181812286377, 0.9145454168319702, 0.9149090647697449, 0.912363588809967, 0.9152727127075195]","[0.9174545407295227, 0.9043636322021484, 0.9054545164108276, 0.9105454087257385, 0.9141817688941956, 0.9072726964950562, 0.905090868473053, 0.9138181805610657, 0.9025454521179199, 0.9076363444328308]","[[], [], [], [], [], [], [], [], [], []]","[47, 44, 44, 46, 39, 36, 59, 51, 46, 66]",cuda:0,SAGE,1,experiments/result.csv,amazon-computer,0,500,kernel_reg1,agg_homo_soft,1000,3,5 6,10,0.7,0.8,0.5,0.5,0.25,0,0,0,0,1,-1,0,SAGE,2,256,1,8,LayerNorm,residual,0.4,0.001,40,0.001,1000,,0,False,False,False,False,10,False,False,"08/26/2026, 15:51:02"
0,10,0.9211999833583832,0.005825879234786273,0.9168363392353058,0.005222112870150522,"[0.9196363687515259, 0.9250909090042114, 0.9298181533813477, 0.9120000004768372, 0.9159999489784241, 0.9145454168319702, 0.9265454411506653, 0.9196363687515259, 0.9261817932128906, 0.9225454330444336]","[0.9192727208137512, 0.9079999923706055, 0.9145454168319702, 0.9178181290626526, 0.9196363687515259, 0.9189090728759766, 0.9141817688941956, 0.9272726774215698, 0.9116363525390625, 0.917090892791748]","[[], [], [], [], [], [], [], [], [], []]","[46, 71, 39, 43, 55, 51, 55, 48, 44, 72]",cuda:0,GAT,1,experiments/result.csv,amazon-computer,0,500,kernel_reg1,agg_homo_soft,1000,3,5 6,10,0.7,0.8,0.5,0.5,0.25,0,0,0,0,1,-1,0,GAT,2,256,1,8,LayerNorm,residual,0.4,0.001,40,0.001,1000,,0,False,False,False,False,10,False,False,"08/26/2026, 15:51:32"
0,10,0.9441232740879059,0.002543437602274108,0.9434806525707244,0.003045129258843534,"[0.9446414113044739, 0.9449141025543213, 0.9446414113044739, 0.9435505867004395, 0.9460049271583557, 0.9400054812431335, 0.9490046501159668, 0.9446414113044739, 0.9430052042007446, 0.9408235549926758]","[0.9435352087020874, 0.9410802125930786, 0.945444643497467, 0.9468085169792175, 0.9421713352203369, 0.9470813274383545, 0.9451718926429749, 0.9372613430023193, 0.9413529634475708, 0.9448990821838379]","[[], [], [], [], [], [], [], [], [], []]","[13, 28, 24, 29, 32, 16, 22, 32, 26, 26]",cuda:0,ResNet,1,experiments/result.csv,coauthor-cs,0,500,kernel_reg1,agg_homo_soft,1000,3,5 6,10,0.7,0.8,0.5,0.5,0.25,0,0,0,0,1,-1,0,ResNet,2,256,1,8,LayerNorm,residual,0.4,0.001,40,0.001,1000,,0,False,False,False,False,10,False,False,"08/26/2026, 15:51:49"
0,10,0.9569130122661591,0.002631412592089771,0.9560829401016235,0.0024734531430850594,"[0.9590946435928345, 0.9544587135314941, 0.9585492014884949, 0.9571857452392578, 0.9555494785308838, 0.9569129943847656, 0.9626397490501404, 0.9544587135314941, 0.9560949206352234, 0.954185962677002]","[0.9549918174743652, 0.9596290588378906, 0.9544462561607361, 0.9585379362106323, 0.9571740627288818, 0.957446813583374, 0.9517185091972351, 0.9530823826789856, 0.9571740627288818, 0.9566285014152527]","[[], [], [], [], [], [], [], [], [], []]","[30, 29, 30, 19, 28, 19, 18, 46, 29, 13]",cuda:0,GCN,1,experiments/result.csv,coauthor-cs,0,500,kernel_reg1,agg_homo_soft,1000,3,5 6,10,0.7,0.8,0.5,0.5,0.25,0,0,0,0,1,-1,0,GCN,2,256,1,8,LayerNorm,residual,0.4,0.001,40,0.001,1000,,0,False,False,False,False,10,False,False,"08/26/2026, 15:52:09"
0,10,0.9555494904518127,0.002170229660063199,0.9551009416580201,0.0029130291562907123,"[0.9569129943847656, 0.9569129943847656, 0.9569129943847656, 0.9555494785308838, 0.9566403031349182, 0.955004096031189, 0.9590946435928345, 0.9525497555732727, 0.9525497555732727, 0.9533678889274597]","[0.9569012522697449, 0.957719624042511, 0.9588106870651245, 0.9549918174743652, 0.9549918174743652, 0.9558101892471313, 0.9522640705108643, 0.9487179517745972, 0.9541735053062439, 0.9566285014152527]","[[], [], [], [], [], [], [], [], [], []]","[28, 63, 25, 24, 15, 15, 20, 38, 36, 15]",cuda:0,SAGE,1,experiments/result.csv,coauthor-cs,0,500,kernel_reg1,agg_homo_soft,1000,3,5 6,10,0.7,0.8,0.5,0.5,0.25,0,0,0,0,1,-1,0,SAGE,2,256,1,8,LayerNorm,residual,0.4,0.001,40,0.001,1000,,0,False,False,False,False,10,False,False,"08/26/2026, 15:52:29"
0,10,0.9563948750495911,0.001964177866859637,0.9551282286643982,0.00287892164319375,"[0.9593673348426819, 0.9566403031349182, 0.9593673348426819, 0.9552767872810364, 0.9569129943847656, 0.9560949206352234, 0.9574584364891052, 0.9539132714271545, 0.9539132714271545, 0.955004096031189]","[0.9558101892471313, 0.9601746201515198, 0.9582651853561401, 0.9552646279335022, 0.9528096318244934, 0.9560829401016235, 0.9498090744018555, 0.9530823826789856, 0.9549918174743652, 0.9549918174743652]","[[], [], [], [], [], [], [], [], [], []]","[39, 43, 23, 23, 11, 16, 11, 33, 32, 15]",cuda:0,GAT,1,experiments/result.csv,coauthor-cs,0,500,kernel_reg1,agg_homo_soft,1000,3,5 6,10,0.7,0.8,0.5,0.5,0.25,0,0,0,0,1,-1,0,GAT,2,256,1,8,LayerNorm,residual,0.4,0.001,40,0.001,1000,,0,False,False,False,False,10,False,False,"08/26/2026, 15:52:54"
0,10,0.81841881275177,0.00633688123256252,0.8111538410186767,0.006482491759951609,"[0.8170940279960632, 0.8128204941749573, 0.8149572610855103, 0.8243589997291565, 0.8205128312110901, 0.8064102530479431, 0.8158119916915894, 0.8243589997291565, 0.8200854659080505, 0.8277778029441833]","[0.8034188151359558, 0.8128204941749573, 0.8230769038200378, 0.8111110925674438, 0.8068376183509827, 0.8085470199584961, 0.8081196546554565, 0.8064102530479431, 0.8094016909599304, 0.821794867515564]","[[], [], [], [], [], [], [], [], [], []]","[83, 113, 122, 142, 111, 155, 73, 130, 85, 125]",cuda:0,ResNet,1,experiments/result.csv,wikics,0,500,kernel_reg1,agg_homo_soft,1000,3,5 6,10,0.7,0.8,0.5,0.5,0.25,0,0,0,0,1,-1,0,ResNet,2,256,1,8,LayerNorm,residual,0.4,0.001,40,0.001,1000,,0,False,False,False,False,10,False,False,"08/26/2026, 15:53:09"
0,10,0.8561111152172088,0.004059466289568913,0.8502991497516632,0.0041777065995399695,"[0.8581196665763855, 0.8538461327552795, 0.8534188270568848, 0.8538461327552795, 0.858547031879425, 0.8568376302719116, 0.8547008633613586, 0.8504273295402527, 0.8559828996658325, 0.8653846383094788]","[0.8478632569313049, 0.846581220626831, 0.8500000238418579, 0.8504273295402527, 0.8538461327552795, 0.8534188270568848, 0.8568376302719116, 0.8418803215026855, 0.8512820601463318, 0.8508546948432922]","[[], [], [], [], [], [], [], [], [], []]","[95, 92, 87, 134, 136, 76, 93, 135, 74, 117]",cuda:0,GCN,1,experiments/result.csv,wikics,0,500,kernel_reg1,agg_homo_soft,1000,3,5 6,10,0.7,0.8,0.5,0.5,0.25,0,0,0,0,1,-1,0,GCN,2,256,1,8,LayerNorm,residual,0.4,0.001,40,0.001,1000,,0,False,False,False,False,10,False,False,"08/26/2026, 15:53:34"
0,10,0.8634188115596771,0.002674118976482921,0.8564957201480865,0.005162902512421733,"[0.8636752367019653, 0.8628205060958862, 0.8632478713989258, 0.8602564334869385, 0.8632478713989258, 0.8662393093109131, 0.8602564334869385, 0.8683760762214661, 0.8606837391853333, 0.8653846383094788]","[0.8581196665763855, 0.8538461327552795, 0.8628205060958862, 0.8538461327552795, 0.846581220626831, 0.8611111044883728, 0.8623931407928467, 0.8542734980583191, 0.8594017028808594, 0.8525640964508057]","[[], [], [], [], [], [], [], [], [], []]","[79, 119, 84, 86, 99, 80, 65, 95, 106, 87]",cuda:0,SAGE,1,experiments/result.csv,wikics,0,500,kernel_reg1,agg_homo_soft,1000,3,5 6,10,0.7,0.8,0.5,0.5,0.25,0,0,0,0,1,-1,0,SAGE,2,256,1,8,LayerNorm,residual,0.4,0.001,40,0.001,1000,,0,False,False,False,False,10,False,False,"08/26/2026, 15:53:50"
0,10,0.8622649610042572,0.005648112166540825,0.856581199169159,0.0023075192427745007,"[0.8756410479545593, 0.8564102649688721, 0.867521345615387, 0.8598290681838989, 0.8636752367019653, 0.857692301273346, 0.8589743375778198, 0.8619658350944519, 0.8602564334869385, 0.8606837391853333]","[0.8564102649688721, 0.8542734980583191, 0.8598290681838989, 0.8529914617538452, 0.8568376302719116, 0.8581196665763855, 0.8572649359703064, 0.8559828996658325, 0.8598290681838989, 0.8542734980583191]","[[], [], [], [], [], [], [], [], [], []]","[123, 88, 75, 84, 103, 64, 127, 85, 162, 74]",cuda:0,GAT,1,experiments/result.csv,wikics,0,500,kernel_reg1,agg_homo_soft,1000,3,5 6,10,0.7,0.8,0.5,0.5,0.25,0,0,0,0,1,-1,0,GAT,2,256,1,8,LayerNorm,residual,0.4,0.001,40,0.001,1000,,0,False,False,False,False,10,False,False,"08/26/2026, 15:54:40"
0,10,0.6477846324443817,0.004712447685260293,0.647811484336853,0.007542363925098616,"[0.648367166519165, 0.6589584946632385, 0.6448367238044739, 0.6409531831741333, 0.6451897621154785, 0.649249792098999, 0.6488966941833496, 0.6448367238044739, 0.6481906175613403, 0.648367166519165]","[0.6478997468948364, 0.6586657166481018, 0.6457818150520325, 0.6530179977416992, 0.6477232575416565, 0.6459583044052124, 0.644546389579773, 0.6509000658988953, 0.6533709764480591, 0.6302505731582642]","[[], [], [], [], [], [], [], [], [], []]","[60, 63, 63, 64, 98, 72, 52, 89, 58, 102]",cuda:0,ResNet,1,experiments/result.csv,roman-empire,0,500,kernel_reg1,agg_homo_soft,1000,3,5 6,10,0.7,0.8,0.5,0.5,0.25,0,0,0,0,1,-1,0,ResNet,2,256,1,8,LayerNorm,residual,0.4,0.001,40,0.001,1000,,0,False,False,False,False,10,False,False,"08/26/2026, 15:54:54"
0,10,0.7736628234386445,0.004574320606779289,0.7719378530979156,0.007133198059834646,"[0.7774050831794739, 0.7811120748519897, 0.7699911594390869, 0.7789937853813171, 0.7749338150024414, 0.768049418926239, 0.7691085338592529, 0.7698146104812622, 0.7756398916244507, 0.7715798616409302]","[0.762795627117157, 0.7769148945808411, 0.7719731330871582, 0.7705612182617188, 0.7680903673171997, 0.7818566560745239, 0.7845040559768677, 0.7707377076148987, 0.7645605206489563, 0.7673843502998352]","[[], [], [], [], [], [], [], [], [], []]","[107, 95, 87, 136, 109, 125, 134, 92, 122, 116]",cuda:0,GCN,1,experiments/result.csv,roman-empire,0,500,kernel_reg1,agg_homo_soft,1000,3,5 6,10,0.7,0.8,0.5,0.5,0.25,0,0,0,0,1,-1,0,GCN,2,256,1,8,LayerNorm,residual,0.4,0.001,40,0.001,1000,,0,False,False,False,False,10,False,False,"08/26/2026, 15:55:18"
0,10,0.8378287494182587,0.0034451257330959852,0.8358806788921356,0.005951741179698407,"[0.836540162563324, 0.843071460723877, 0.8319505453109741, 0.8391879796981812, 0.8386583924293518, 0.8414827585220337, 0.8353044986724854, 0.8342453241348267, 0.8372462391853333, 0.8406001329421997]","[0.8342745900154114, 0.8429226875305176, 0.8314507603645325, 0.8365690112113953, 0.8318037390708923, 0.8482174277305603, 0.8392163515090942, 0.8335686326026917, 0.8310977816581726, 0.8296858072280884]","[[], [], [], [], [], [], [], [], [], []]","[256, 243, 244, 270, 230, 273, 254, 268, 278, 283]",cuda:0,SAGE,1,experiments/result.csv,roman-empire,0,500,kernel_reg1,agg_homo_soft,1000,3,5 6,10,0.7,0.8,0.5,0.5,0.25,0,0,0,0,1,-1,0,SAGE,2,256,1,8,LayerNorm,residual,0.4,0.001,40,0.001,1000,,0,False,False,False,False,10,False,False,"08/26/2026, 15:55:57"
0,10,0.837952321767807,0.0037685698153120412,0.8318390130996705,0.007302937475877169,"[0.8289496898651123, 0.842012345790863, 0.8377757668495178, 0.8425419330596924, 0.8395410180091858, 0.8386583924293518, 0.83565753698349, 0.8375992774963379, 0.8388349413871765, 0.8379523158073425]","[0.8159195184707642, 0.8325096964836121, 0.8400987982749939, 0.8323332071304321, 0.8258029818534851, 0.8383339047431946, 0.8404517769813538, 0.8321567177772522, 0.8309212327003479, 0.8298622965812683]","[[], [], [], [], [], [], [], [], [], []]","[154, 315, 334, 332, 345, 372, 329, 340, 343, 348]",cuda:0,GAT,1,experiments/result.csv,roman-empire,0,500,kernel_reg1,agg_homo_soft,1000,3,5 6,10,0.7,0.8,0.5,0.5,0.25,0,0,0,0,1,-1,0,GAT,2,256,1,8,LayerNorm,residual,0.4,0.001,40,0.001,1000,,0,False,False,False,False,10,False,False,"08/26/2026, 15:56:57"
0,10,0.45436876714229585,0.008802205269729056,0.4518046617507935,0.007776358291719064,"[0.4427568018436432, 0.450106143951416, 0.45157602429389954, 0.44994282722473145, 0.4641515612602234, 0.46692797541618347, 0.4679078757762909, 0.4540258049964905, 0.44928956031799316, 0.4470030963420868]","[0.44455331563949585, 0.4468397796154022, 0.4453698992729187, 0.44667646288871765, 0.45304587483406067, 0.44928956031799316, 0.46758124232292175, 0.45255592465400696, 0.44879961013793945, 0.46333494782447815]","[[], [], [], [], [], [], [], [], [], []]","[196, 215, 255, 286, 375, 372, 352, 381, 339, 392]",cuda:0,ResNet,1,experiments/result.csv,amazon-ratings,0,500,kernel_reg1,agg_homo_soft,1000,3,5 6,10,0.7,0.8,0.5,0.5,0.25,0,0,0,0,1,-1,0,ResNet,2,256,1,8,LayerNorm,residual,0.4,0.001,40,0.001,1000,,0,False,False,False,False,10,False,False,"08/26/2026, 15:57:34"
0,10,0.5047852247953415,0.0043413945800898105,0.4973379045724869,0.004709444637550432,"[0.5061244368553162, 0.5041646361351013, 0.50285804271698, 0.5000816583633423, 0.506941020488739, 0.5100440979003906, 0.51216721534729, 0.4982851445674896, 0.505797803401947, 0.5013881921768188]","[0.49224236607551575, 0.5015515089035034, 0.5040013194084167, 0.49599868059158325, 0.49763187766075134, 0.4995917081832886, 0.5010615587234497, 0.4891393184661865, 0.49926507472991943, 0.49289563298225403]","[[], [], [], [], [], [], [], [], [], []]","[208, 234, 249, 196, 207, 189, 221, 206, 233, 261]",cuda:0,GCN,1,experiments/result.csv,amazon-ratings,0,500,kernel_reg1,agg_homo_soft,1000,3,5 6,10,0.7,0.8,0.5,0.5,0.25,0,0,0,0,1,-1,0,GCN,2,256,1,8,LayerNorm,residual,0.4,0.001,40,0.001,1000,,0,False,False,False,False,10,False,False,"08/26/2026, 15:58:16"
0,10,0.5309325397014618,0.0060872418627523,0.5263269484043122,0.006948277912016605,"[0.5229462385177612, 0.5278457999229431, 0.5360117554664612, 0.5257226824760437, 0.5309488773345947, 0.5257226824760437, 0.5405846834182739, 0.5311121940612793, 0.5284990668296814, 0.5399314165115356]","[0.5302956104278564, 0.5224562883377075, 0.5309488773345947, 0.5129837989807129, 0.5278457999229431, 0.5226196050643921, 0.5325820446014404, 0.5338886380195618, 0.5182099938392639, 0.5314388275146484]","[[], [], [], [], [], [], [], [], [], []]","[190, 269, 206, 213, 229, 245, 279, 245, 320, 279]",cuda:0,SAGE,1,experiments/result.csv,amazon-ratings,0,500,kernel_reg1,agg_homo_soft,1000,3,5 6,10,0.7,0.8,0.5,0.5,0.25,0,0,0,0,1,-1,0,SAGE,2,256,1,8,LayerNorm,residual,0.4,0.001,40,0.001,1000,,0,False,False,False,False,10,False,False,"08/26/2026, 15:58:59"
0,10,0.5199738591909409,0.008765882934665598,0.5165605038404465,0.008244479181388278,"[0.4991017282009125, 0.5195165872573853, 0.5172300934791565, 0.5281724333763123, 0.5271925330162048, 0.5298056602478027, 0.5226196050643921, 0.5219663381576538, 0.5185366868972778, 0.5155969262123108]","[0.49877509474754333, 0.5201698541641235, 0.5193532705307007, 0.5229462385177612, 0.5167401432991028, 0.5258859992027283, 0.5152702927589417, 0.5151069760322571, 0.524089515209198, 0.5072676539421082]","[[], [], [], [], [], [], [], [], [], []]","[115, 258, 264, 322, 355, 279, 318, 312, 294, 274]",cuda:0,GAT,1,experiments/result.csv,amazon-ratings,0,500,kernel_reg1,agg_homo_soft,1000,3,5 6,10,0.7,0.8,0.5,0.5,0.25,0,0,0,0,1,-1,0,GAT,2,256,1,8,LayerNorm,residual,0.4,0.001,40,0.001,1000,,0,False,False,False,False,10,False,False,"08/26/2026, 16:00:01"
0,10,0.52382035,0.007117584129190926,0.5072398000000001,0.012886029379827505,"[0.5203550000000001, 0.5131430000000001, 0.5150410000000001, 0.5298425, 0.52335, 0.5335295, 0.524545, 0.5199999999999999, 0.5341545, 0.524243]","[0.5196540000000001, 0.5025175000000001, 0.5191060000000001, 0.5253395, 0.4970395, 0.4952295, 0.49695100000000003, 0.5195379999999999, 0.488717, 0.508306]","[[], [], [], [], [], [], [], [], [], []]","[5, 10, 23, 3, 18, 44, 39, 17, 31, 4]",cuda:0,ResNet,1,experiments/result.csv,minesweeper,0,500,kernel_reg1,agg_homo_soft,1000,3,5 6,10,0.7,0.8,0.5,0.5,0.25,0,0,0,0,1,-1,0,ResNet,2,256,1,8,LayerNorm,residual,0.4,0.001,40,0.001,1000,,0,False,False,False,False,10,False,False,"08/26/2026, 16:00:13"
0,10,0.8942832999999999,0.009294545055509142,0.8970461999999999,0.005748696524720483,"[0.8828319999999998, 0.9032359999999999, 0.8928499999999999, 0.881793, 0.891778, 0.8932159999999999, 0.9136780000000001, 0.8916789999999999, 0.8984019999999998, 0.893369]","[0.8959610000000001, 0.8937679999999998, 0.8967539999999999, 0.8905339999999999, 0.8971199999999999, 0.905619, 0.888368, 0.897996, 0.897656, 0.906686]","[[], [], [], [], [], [], [], [], [], []]","[100, 145, 100, 186, 124, 176, 112, 123, 55, 105]",cuda:0,GCN,1,experiments/result.csv,minesweeper,0,500,kernel_reg1,agg_homo_soft,1000,3,5 6,10,0.7,0.8,0.5,0.5,0.25,0,0,0,0,1,-1,0,GCN,2,256,1,8,LayerNorm,residual,0.4,0.001,40,0.001,1000,,0,False,False,False,False,10,False,False,"08/26/2026, 16:00:45"
0,10,0.9030175,0.009031047278386054,0.9044966000000001,0.006266666368794275,"[0.891039, 0.911859, 0.901534, 0.8989010000000001, 0.9069860000000001, 0.896475, 0.9218759999999999, 0.8994009999999999, 0.9064479999999999, 0.8956559999999999]","[0.9020239999999999, 0.899715, 0.906674, 0.897035, 0.900445, 0.9140879999999998, 0.8976770000000001, 0.9046, 0.9086090000000001, 0.914099]","[[], [], [], [], [], [], [], [], [], []]","[81, 144, 99, 83, 141, 162, 135, 148, 159, 61]",cuda:0,SAGE,1,experiments/result.csv,minesweeper,0,500,kernel_reg1,agg_homo_soft,1000,3,5 6,10,0.7,0.8,0.5,0.5,0.25,0,0,0,0,1,-1,0,SAGE,2,256,1,8,LayerNorm,residual,0.4,0.001,40,0.001,1000,,0,False,False,False,False,10,False,False,"08/26/2026, 16:01:13"
0,10,0.8965482,0.00897090602138077,0.8981757,0.005584364741549981,"[0.8862659999999999, 0.9011820000000003, 0.891119, 0.8897619999999999, 0.8994430000000001, 0.896292, 0.9184670000000001, 0.8930730000000001, 0.8977169999999999, 0.892161]","[0.8957069999999998, 0.8927130000000001, 0.898791, 0.893165, 0.895213, 0.905446, 0.896014, 0.8962289999999999, 0.898091, 0.910388]","[[], [], [], [], [], [], [], [], [], []]","[123, 57, 34, 58, 65, 42, 78, 62, 87, 69]",cuda:0,GAT,1,experiments/result.csv,minesweeper,0,500,kernel_reg1,agg_homo_soft,1000,3,5 6,10,0.7,0.8,0.5,0.5,0.25,0,0,0,0,1,-1,0,GAT,2,256,1,8,LayerNorm,residual,0.4,0.001,40,0.001,1000,,0,False,False,False,False,10,False,False,"08/26/2026, 16:01:39"
0,10,0.7367570185836153,0.00947904788836282,0.7288891329044083,0.009572922907976466,"[0.7302667041407506, 0.7542022568631204, 0.7282806455861367, 0.7263492367370935, 0.7380982445564142, 0.7404475030176142, 0.7364220939594763, 0.7510268034742277, 0.732231038588802, 0.7302456589125184]","[0.7182264680922597, 0.7312690976034963, 0.7350127023634259, 0.7380737414899587, 0.7378822570893286, 0.7291742921516475, 0.7358762461737011, 0.7081865851112575, 0.7242909315699145, 0.7308990073990929]","[[], [], [], [], [], [], [], [], [], []]","[22, 32, 23, 73, 62, 65, 59, 23, 69, 36]",cuda:0,ResNet,1,experiments/result.csv,tolokers,0,500,kernel_reg1,agg_homo_soft,1000,3,5 6,10,0.7,0.8,0.5,0.5,0.25,0,0,0,0,1,-1,0,ResNet,2,256,1,8,LayerNorm,residual,0.4,0.001,40,0.001,1000,,0,False,False,False,False,10,False,False,"08/26/2026, 16:01:53"
0,10,0.8335557338742637,0.008992600139777306,0.8352149641161623,0.006778567457868806,"[0.8461804268515388, 0.839507052866971, 0.8338092270427109, 0.8282587178160757, 0.8159798454601369, 0.8446407307989447, 0.8344507670646252, 0.8363862491836489, 0.8299484459796148, 0.8263958756783691]","[0.8369234116623151, 0.8393876294976805, 0.8431414015709178, 0.8388826529367268, 0.842858750260961, 0.8234988300811487, 0.8329035948908572, 0.8246945061261453, 0.8365184136822214, 0.8333404504526488]","[[], [], [], [], [], [], [], [], [], []]","[106, 80, 120, 142, 82, 70, 94, 72, 103, 134]",cuda:0,GCN,1,experiments/result.csv,tolokers,0,500,kernel_reg1,agg_homo_soft,1000,3,5 6,10,0.7,0.8,0.5,0.5,0.25,0,0,0,0,1,-1,0,GCN,2,256,1,8,LayerNorm,residual,0.4,0.001,40,0.001,1000,,0,False,False,False,False,10,False,False,"08/26/2026, 16:02:27"
0,10,0.8272543173267402,0.006478809693816581,0.826718275949017,0.0037691411641101727,"[0.8285750751178872, 0.8297665065871564, 0.8101313086466018, 0.8291806345883078, 0.8277366603802533, 0.8341934721775294, 0.8284494826268247, 0.8316945210445493, 0.8254461248946042, 0.8273693872036865]","[0.8240956513723163, 0.8233768223214551, 0.8303332980866471, 0.8314896605201868, 0.8319221102462118, 0.8201063365407818, 0.825523481071174, 0.8260752272733435, 0.8264222715675829, 0.8278379004904712]","[[], [], [], [], [], [], [], [], [], []]","[99, 143, 124, 152, 158, 120, 148, 131, 145, 143]",cuda:0,SAGE,1,experiments/result.csv,tolokers,0,500,kernel_reg1,agg_homo_soft,1000,3,5 6,10,0.7,0.8,0.5,0.5,0.25,0,0,0,0,1,-1,0,SAGE,2,256,1,8,LayerNorm,residual,0.4,0.001,40,0.001,1000,,0,False,False,False,False,10,False,False,"08/26/2026, 16:02:58"
0,10,0.8351446486057876,0.010806814840166355,0.8373698244986159,0.005115187276833957,"[0.8380277769857531, 0.8389632713245866, 0.8162541123054843, 0.8266192266489615, 0.8284454093568443, 0.8491756380437985, 0.843014138320102, 0.8497811975142191, 0.8350060895386207, 0.8261596260195054]","[0.8312690298214078, 0.8383383627643163, 0.8387484444010639, 0.8440232465451469, 0.8431292007949482, 0.8278809421168074, 0.8367021031426489, 0.8336668212098288, 0.8396024987189185, 0.8403375954710719]","[[], [], [], [], [], [], [], [], [], []]","[108, 118, 90, 109, 127, 151, 179, 95, 106, 110]",cuda:0,GAT,1,experiments/result.csv,tolokers,0,500,kernel_reg1,agg_homo_soft,1000,3,5 6,10,0.7,0.8,0.5,0.5,0.25,0,0,0,0,1,-1,0,GAT,2,256,1,8,LayerNorm,residual,0.4,0.001,40,0.001,1000,,0,False,False,False,False,10,False,False,"08/26/2026, 16:04:04"
0,10,0.718647489739016,0.013159092157989783,0.7125459641799179,0.007897290131237484,"[0.7132791853558007, 0.7300650583909161, 0.7224427780567919, 0.7002663526314877, 0.6932151083248187, 0.7170716219570625, 0.7204135566215819, 0.7280459969173754, 0.7329667665344717, 0.7287084725998534]","[0.7115326626784482, 0.7198989169008263, 0.7052172778676962, 0.7042287276413098, 0.7281872461666693, 0.7048015626551285, 0.7055056579290664, 0.7155295780046131, 0.7136521060518253, 0.7169059059035947]","[[], [], [], [], [], [], [], [], [], []]","[50, 45, 65, 45, 62, 60, 46, 86, 62, 63]",cuda:0,ResNet,1,experiments/result.csv,questions,0,500,kernel_reg1,agg_homo_soft,1000,3,5 6,10,0.7,0.8,0.5,0.5,0.25,0,0,0,0,1,-1,0,ResNet,2,256,1,8,LayerNorm,residual,0.4,0.001,40,0.001,1000,,0,False,False,False,False,10,False,False,"08/26/2026, 16:04:37"
0,10,0.7611862217065273,0.010717427194127736,0.7577987527389178,0.009961160986511505,"[0.759569587078376, 0.7745654595939478, 0.7705124430666921, 0.7417778778380064, 0.7690207759670725, 0.7547392180293138, 0.7666823684256101, 0.7621430591875494, 0.7462008093333102, 0.7666506185453936]","[0.7475726664650237, 0.7745255813201758, 0.7496779101796547, 0.7589232733561297, 0.7604897381490572, 0.7463974426760931, 0.7618191956297375, 0.7662165875103033, 0.7458876402937828, 0.7664774918092213]","[[], [], [], [], [], [], [], [], [], []]","[86, 114, 81, 67, 78, 77, 82, 82, 102, 79]",cuda:0,GCN,1,experiments/result.csv,questions,0,500,kernel_reg1,agg_homo_soft,1000,3,5 6,10,0.7,0.8,0.5,0.5,0.25,0,0,0,0,1,-1,0,GCN,2,256,1,8,LayerNorm,residual,0.4,0.001,40,0.001,1000,,0,False,False,False,False,10,False,False,"08/26/2026, 16:05:38"
0,10,0.7652745325551725,0.00568911793030572,0.763279382326389,0.010289082362039091,"[0.7629325343908929, 0.7747215535505025, 0.7658231589399003, 0.7641618897528706, 0.7540270970795883, 0.7647661765639702, 0.7663099134671446, 0.768414295527885, 0.7604656264251366, 0.7711230798538351]","[0.7616397950631366, 0.7739407400908316, 0.7590487613972464, 0.758405389867216, 0.7776396934720821, 0.7596128226381811, 0.7483225931578426, 0.7497872360075639, 0.7744652039094085, 0.7699315876603812]","[[], [], [], [], [], [], [], [], [], []]","[38, 47, 43, 55, 42, 44, 40, 24, 43, 59]",cuda:0,SAGE,1,experiments/result.csv,questions,0,500,kernel_reg1,agg_homo_soft,1000,3,5 6,10,0.7,0.8,0.5,0.5,0.25,0,0,0,0,1,-1,0,SAGE,2,256,1,8,LayerNorm,residual,0.4,0.001,40,0.001,1000,,0,False,False,False,False,10,False,False,"08/26/2026, 16:06:16"
0,10,0.7707318520571037,0.0066779860007188515,0.7778228113477208,0.00716896914179946,"[0.7647329257803255, 0.7795739743345513, 0.7749158628174266, 0.7664437247804929, 0.7699512206385766, 0.7698182175039976, 0.7834476906291672, 0.7657373765362613, 0.7628280484214538, 0.7698694791287833]","[0.779101219323542, 0.7889665188208974, 0.7793291065297652, 0.7647753798697325, 0.7807241364183151, 0.7740648427993877, 0.7691168966703532, 0.7830015077036034, 0.775515978656643, 0.7836325266849684]","[[], [], [], [], [], [], [], [], [], []]","[77, 75, 106, 97, 82, 94, 87, 73, 101, 99]",cuda:0,GAT,1,experiments/result.csv,questions,0,500,kernel_reg1,agg_homo_soft,1000,3,5 6,10,0.7,0.8,0.5,0.5,0.25,0,0,0,0,1,-1,0,GAT,2,256,1,8,LayerNorm,residual,0.4,0.001,40,0.001,1000,,0,False,False,False,False,10,False,False,"08/26/2026, 16:07:22"
0,10,0.39236326813697814,0.017561044854078122,0.3827682942152023,0.023357696026287112,"[0.3774373233318329, 0.39142856001853943, 0.39807161688804626, 0.3758765757083893, 0.3713490962982178, 0.38494932651519775, 0.43063583970069885, 0.3924221694469452, 0.392185240983963, 0.40927693247795105]","[0.40707963705062866, 0.3905192017555237, 0.40222224593162537, 0.3444444537162781, 0.39198219776153564, 0.40439561009407043, 0.3609865605831146, 0.34872978925704956, 0.39751553535461426, 0.379807710647583]","[[], [], [], [], [], [], [], [], [], []]","[7, 5, 7, 11, 5, 6, 5, 1, 6, 5]",cuda:0,ResNet,1,experiments/result.csv,squirrel-filtered,0,500,kernel_reg1,agg_homo_soft,1000,3,5 6,10,0.7,0.8,0.5,0.5,0.25,0,0,0,0,1,-1,0,ResNet,2,256,1,8,LayerNorm,residual,0.4,0.001,40,0.001,1000,,0,False,False,False,False,10,False,False,"08/26/2026, 16:07:30"
0,10,0.4023070067167282,0.017398607599186346,0.3995995819568634,0.023011345363342116,"[0.3913649022579193, 0.3885714113712311, 0.41597795486450195, 0.4137447476387024, 0.3699582815170288, 0.3936324119567871, 0.42485547065734863, 0.3937753438949585, 0.41099855303764343, 0.4201909899711609]","[0.4137168228626251, 0.3860045373439789, 0.4000000059604645, 0.3888888955116272, 0.41870826482772827, 0.4175824224948883, 0.3766816258430481, 0.3787528872489929, 0.4430641829967499, 0.3725961744785309]","[[], [], [], [], [], [], [], [], [], []]","[6, 3, 6, 4, 7, 4, 7, 6, 6, 5]",cuda:0,GCN,1,experiments/result.csv,squirrel-filtered,0,500,kernel_reg1,agg_homo_soft,1000,3,5 6,10,0.7,0.8,0.5,0.5,0.25,0,0,0,0,1,-1,0,GCN,2,256,1,8,LayerNorm,residual,0.4,0.001,40,0.001,1000,,0,False,False,False,False,10,False,False,"08/26/2026, 16:07:40"
0,10,0.3891700208187103,0.015262957123756115,0.39040583074092866,0.020390839458446806,"[0.38579386472702026, 0.3985714316368103, 0.41873279213905334, 0.3913043439388275, 0.36856746673583984, 0.38060781359672546, 0.4017340838909149, 0.3964817225933075, 0.3733718991279602, 0.3765347898006439]","[0.39159291982650757, 0.40857788920402527, 0.397777795791626, 0.397777795791626, 0.40534523129463196, 0.4153846204280853, 0.37892377376556396, 0.3441108465194702, 0.38716357946395874, 0.3774038553237915]","[[], [], [], [], [], [], [], [], [], []]","[6, 5, 6, 2, 6, 6, 4, 6, 1, 6]",cuda:0,SAGE,1,experiments/result.csv,squirrel-filtered,0,500,kernel_reg1,agg_homo_soft,1000,3,5 6,10,0.7,0.8,0.5,0.5,0.25,0,0,0,0,1,-1,0,SAGE,2,256,1,8,LayerNorm,residual,0.4,0.001,40,0.001,1000,,0,False,False,False,False,10,False,False,"08/26/2026, 16:07:49"
0,10,0.3923901230096817,0.016295430320777064,0.3864987105131149,0.018601662329940302,"[0.3913649022579193, 0.3799999952316284, 0.41322314739227295, 0.3899018168449402, 0.36161336302757263, 0.38494932651519775, 0.41329479217529297, 0.3910689949989319, 0.38784369826316833, 0.4106411933898926]","[0.4092920422554016, 0.3927765190601349, 0.3955555558204651, 0.3822222352027893, 0.3741648197174072, 0.37362638115882874, 0.3811659514904022, 0.3533487319946289, 0.4182194769382477, 0.38461539149284363]","[[], [], [], [], [], [], [], [], [], []]","[5, 4, 5, 4, 11, 3, 6, 1, 5, 5]",cuda:0,GAT,1,experiments/result.csv,squirrel-filtered,0,500,kernel_reg1,agg_homo_soft,1000,3,5 6,10,0.7,0.8,0.5,0.5,0.25,0,0,0,0,1,-1,0,GAT,2,256,1,8,LayerNorm,residual,0.4,0.001,40,0.001,1000,,0,False,False,False,False,10,False,False,"08/26/2026, 16:08:00"
0,10,0.42562525272369384,0.023838427991629402,0.40313452780246734,0.04001313634351647,"[0.45644599199295044, 0.3874172270298004, 0.4206896424293518, 0.4285714328289032, 0.4216417670249939, 0.46917808055877686, 0.4225352108478546, 0.4000000059604645, 0.4181184768676758, 0.431654691696167]","[0.3969072103500366, 0.4409937858581543, 0.3483146131038666, 0.47826087474823, 0.44505494832992554, 0.4024389982223511, 0.39361700415611267, 0.37106916308403015, 0.38372093439102173, 0.3709677457809448]","[[], [], [], [], [], [], [], [], [], []]","[3, 10, 7, 8, 8, 9, 13, 13, 6, 4]",cuda:0,ResNet,1,experiments/result.csv,chameleon-filtered,0,500,kernel_reg1,agg_homo_soft,1000,3,5 6,10,0.7,0.8,0.5,0.5,0.25,0,0,0,0,1,-1,0,ResNet,2,256,1,8,LayerNorm,residual,0.4,0.001,40,0.001,1000,,0,False,False,False,False,10,False,False,"08/26/2026, 16:08:08"
0,10,0.4538037061691284,0.02228480257973897,0.4310264527797699,0.02726476838532222,"[0.47735193371772766, 0.40728476643562317, 0.48275861144065857, 0.44897958636283875, 0.4477611780166626, 0.45890411734580994, 0.44718310236930847, 0.4516128897666931, 0.47735193371772766, 0.43884894251823425]","[0.469072163105011, 0.4285714328289032, 0.3764044940471649, 0.45108696818351746, 0.42307692766189575, 0.4146341383457184, 0.4521276354789734, 0.45283016562461853, 0.40697672963142395, 0.4354838728904724]","[[], [], [], [], [], [], [], [], [], []]","[9, 11, 8, 7, 11, 10, 17, 49, 10, 8]",cuda:0,GCN,1,experiments/result.csv,chameleon-filtered,0,500,kernel_reg1,agg_homo_soft,1000,3,5 6,10,0.7,0.8,0.5,0.5,0.25,0,0,0,0,1,-1,0,GCN,2,256,1,8,LayerNorm,residual,0.4,0.001,40,0.001,1000,,0,False,False,False,False,10,False,False,"08/26/2026, 16:08:18"
0,10,0.4310442954301834,0.017570424744741308,0.40802641212940216,0.04206792644547866,"[0.46341463923454285, 0.4271523058414459, 0.4517241418361664, 0.40816324949264526, 0.4253731369972229, 0.43150684237480164, 0.44014084339141846, 0.40645161271095276, 0.4320557415485382, 0.42446044087409973]","[0.438144326210022, 0.44720497727394104, 0.3426966369152069, 0.4728260934352875, 0.3956044018268585, 0.3963414430618286, 0.44680848717689514, 0.402515709400177, 0.3779069781303406, 0.36021506786346436]","[[], [], [], [], [], [], [], [], [], []]","[6, 9, 14, 13, 4, 12, 41, 4, 7, 13]",cuda:0,SAGE,1,experiments/result.csv,chameleon-filtered,0,500,kernel_reg1,agg_homo_soft,1000,3,5 6,10,0.7,0.8,0.5,0.5,0.25,0,0,0,0,1,-1,0,SAGE,2,256,1,8,LayerNorm,residual,0.4,0.001,40,0.001,1000,,0,False,False,False,False,10,False,False,"08/26/2026, 16:08:27"
0,10,0.4316996276378632,0.0210406547048583,0.41696743965148925,0.05991804417804982,"[0.4320557415485382, 0.374172180891037, 0.4448275864124298, 0.44217684864997864, 0.4291044771671295, 0.43493151664733887, 0.44366195797920227, 0.44516128301620483, 0.4320557415485382, 0.43884894251823425]","[0.40721648931503296, 0.4658385217189789, 0.3089887797832489, 0.46739131212234497, 0.4285714328289032, 0.34756097197532654, 0.4787233769893646, 0.4591194689273834, 0.35465115308761597, 0.4516128897666931]","[[], [], [], [], [], [], [], [], [], []]","[14, 7, 9, 6, 10, 6, 7, 18, 12, 8]",cuda:0,GAT,1,experiments/result.csv,chameleon-filtered,0,500,kernel_reg1,agg_homo_soft,1000,3,5 6,10,0.7,0.8,0.5,0.5,0.25,0,0,0,0,1,-1,0,GAT,2,256,1,8,LayerNorm,residual,0.4,0.001,40,0.001,1000,,0,False,False,False,False,10,False,False,"08/26/2026, 16:08:39"
0,10,0.36196546256542206,0.007063784749370876,0.3532894879579544,0.009473080470988791,"[0.36883223056793213, 0.35855263471603394, 0.3659539520740509, 0.3684210479259491, 0.359375, 0.3515625, 0.37047699093818665, 0.35115131735801697, 0.36636513471603394, 0.35896381735801697]","[0.36250001192092896, 0.3460526466369629, 0.34671053290367126, 0.3460526466369629, 0.3572368621826172, 0.3657895028591156, 0.33552631735801697, 0.35328948497772217, 0.36052632331848145, 0.3592105507850647]","[[], [], [], [], [], [], [], [], [], []]","[9, 9, 10, 12, 8, 9, 6, 9, 13, 8]",cuda:0,ResNet,1,experiments/result.csv,actor,0,500,kernel_reg1,agg_homo_soft,1000,3,5 6,10,0.7,0.8,0.5,0.5,0.25,0,0,0,0,1,-1,0,ResNet,2,256,1,8,LayerNorm,residual,0.4,0.001,40,0.001,1000,,0,False,False,False,False,10,False,False,"08/26/2026, 16:08:47"
0,10,0.34675165116786955,0.010638030224400975,0.34138159155845643,0.008254763766592788,"[0.34991776943206787, 0.33922699093818665, 0.35197368264198303, 0.36019736528396606, 0.34046053886413574, 0.3293585479259491, 0.35731908679008484, 0.3330592215061188, 0.3564967215061188, 0.34950658679008484]","[0.34210526943206787, 0.33618423342704773, 0.3328947424888611, 0.34934210777282715, 0.34473684430122375, 0.3552631735801697, 0.3328947424888611, 0.3506579101085663, 0.33618423342704773, 0.33355265855789185]","[[], [], [], [], [], [], [], [], [], []]","[13, 11, 7, 13, 15, 10, 10, 11, 13, 10]",cuda:0,GCN,1,experiments/result.csv,actor,0,500,kernel_reg1,agg_homo_soft,1000,3,5 6,10,0.7,0.8,0.5,0.5,0.25,0,0,0,0,1,-1,0,GCN,2,256,1,8,LayerNorm,residual,0.4,0.001,40,0.001,1000,,0,False,False,False,False,10,False,False,"08/26/2026, 16:08:58"
0,10,0.3591282904148102,0.008810816819021574,0.3552631735801697,0.004483560891464647,"[0.35074013471603394, 0.3544407784938812, 0.359375, 0.36389803886413574, 0.36143091320991516, 0.35361841320991516, 0.3774670958518982, 0.34703949093818665, 0.3564967215061188, 0.36677631735801697]","[0.35855263471603394, 0.35328948497772217, 0.3486842215061188, 0.35328948497772217, 0.3526315987110138, 0.35592105984687805, 0.3565789759159088, 0.3565789759159088, 0.36513158679008484, 0.3519737124443054]","[[], [], [], [], [], [], [], [], [], []]","[7, 8, 7, 8, 8, 8, 8, 8, 10, 9]",cuda:0,SAGE,1,experiments/result.csv,actor,0,500,kernel_reg1,agg_homo_soft,1000,3,5 6,10,0.7,0.8,0.5,0.5,0.25,0,0,0,0,1,-1,0,SAGE,2,256,1,8,LayerNorm,residual,0.4,0.001,40,0.001,1000,,0,False,False,False,False,10,False,False,"08/26/2026, 16:09:07"
0,10,0.34814967811107633,0.010311627424072987,0.33967106938362124,0.009468252870319755,"[0.3564967215061188, 0.34950658679008484, 0.35074013471603394, 0.34827303886413574, 0.34169408679008484, 0.33511513471603394, 0.36636513471603394, 0.3400493562221527, 0.33511513471603394, 0.3581414520740509]","[0.3486842215061188, 0.33355265855789185, 0.3375000059604645, 0.33355265855789185, 0.3368421196937561, 0.3546052873134613, 0.3263157904148102, 0.3414473831653595, 0.33157896995544434, 0.3526315987110138]","[[], [], [], [], [], [], [], [], [], []]","[14, 12, 10, 13, 11, 14, 9, 19, 14, 11]",cuda:0,GAT,1,experiments/result.csv,actor,0,500,kernel_reg1,agg_homo_soft,1000,3,5 6,10,0.7,0.8,0.5,0.5,0.25,0,0,0,0,1,-1,0,GAT,2,256,1,8,LayerNorm,residual,0.4,0.001,40,0.001,1000,,0,False,False,False,False,10,False,False,"08/26/2026, 16:09:20"
0,10,0.8059906423091888,0.05609983802229309,0.7146396458148956,0.06795061960432255,"[0.7413793206214905, 0.7931034564971924, 0.8644067645072937, 0.7796609997749329, 0.8305084705352783, 0.8305084705352783, 0.694915235042572, 0.8305084705352783, 0.8813559412956238, 0.8135592937469482]","[0.7297297716140747, 0.7837837934494019, 0.75, 0.7837837934494019, 0.6756756901741028, 0.6216216087341309, 0.7027027010917664, 0.6666666865348816, 0.6216216087341309, 0.8108108043670654]","[[], [], [], [], [], [], [], [], [], []]","[4, 65, 6, 11, 11, 7, 40, 5, 11, 14]",cuda:0,ResNet,1,experiments/result.csv,texas-4-classes,0,500,kernel_reg1,agg_homo_soft,1000,3,5 6,10,0.7,0.8,0.5,0.5,0.25,0,0,0,0,1,-1,0,ResNet,2,256,1,8,LayerNorm,residual,0.4,0.001,40,0.001,1000,,0,False,False,False,False,10,False,False,"08/26/2026, 16:09:28"
0,10,0.6871712446212769,0.06694016690288719,0.6710961103439331,0.05070448919563166,"[0.7241379022598267, 0.7068965435028076, 0.7118644118309021, 0.6440678238868713, 0.7457627058029175, 0.7118644118309021, 0.6101694703102112, 0.7288135886192322, 0.5423728823661804, 0.7457627058029175]","[0.7027027010917664, 0.6756756901741028, 0.6388888955116272, 0.7027027010917664, 0.6486486792564392, 0.7567567825317383, 0.6486486792564392, 0.6666666865348816, 0.5675675868988037, 0.7027027010917664]","[[], [], [], [], [], [], [], [], [], []]","[18, 10, 4, 4, 2, 7, 4, 2, 4, 15]",cuda:0,GCN,1,experiments/result.csv,texas-4-classes,0,500,kernel_reg1,agg_homo_soft,1000,3,5 6,10,0.7,0.8,0.5,0.5,0.25,0,0,0,0,1,-1,0,GCN,2,256,1,8,LayerNorm,residual,0.4,0.001,40,0.001,1000,,0,False,False,False,False,10,False,False,"08/26/2026, 16:09:38"
0,10,0.8180011689662934,0.07124273395520109,0.7960210323333741,0.054735682376229354,"[0.7586206793785095, 0.8620689511299133, 0.8474576473236084, 0.7966101765632629, 0.9661017060279846, 0.8305084705352783, 0.8305084705352783, 0.8305084705352783, 0.7457627058029175, 0.7118644118309021]","[0.8108108043670654, 0.8378378748893738, 0.6666666865348816, 0.7837837934494019, 0.8108108043670654, 0.8108108043670654, 0.8378378748893738, 0.8611111044883728, 0.7837837934494019, 0.7567567825317383]","[[], [], [], [], [], [], [], [], [], []]","[41, 78, 24, 20, 11, 7, 25, 32, 5, 17]",cuda:0,SAGE,1,experiments/result.csv,texas-4-classes,0,500,kernel_reg1,agg_homo_soft,1000,3,5 6,10,0.7,0.8,0.5,0.5,0.25,0,0,0,0,1,-1,0,SAGE,2,256,1,8,LayerNorm,residual,0.4,0.001,40,0.001,1000,,0,False,False,False,False,10,False,False,"08/26/2026, 16:09:49"
0,10,0.7347457528114318,0.05346570185377443,0.695645672082901,0.03978774576812113,"[0.7241379022598267, 0.7758620381355286, 0.694915235042572, 0.7627118825912476, 0.8135592937469482, 0.694915235042572, 0.694915235042572, 0.7966101765632629, 0.6440678238868713, 0.7457627058029175]","[0.7567567825317383, 0.6486486792564392, 0.694444477558136, 0.7297297716140747, 0.7567567825317383, 0.6486486792564392, 0.6756756901741028, 0.694444477558136, 0.6756756901741028, 0.6756756901741028]","[[], [], [], [], [], [], [], [], [], []]","[17, 7, 9, 10, 9, 2, 3, 3, 7, 9]",cuda:0,GAT,1,experiments/result.csv,texas-4-classes,0,500,kernel_reg1,agg_homo_soft,1000,3,5 6,10,0.7,0.8,0.5,0.5,0.25,0,0,0,0,1,-1,0,GAT,2,256,1,8,LayerNorm,residual,0.4,0.001,40,0.001,1000,,0,False,False,False,False,10,False,False,"08/26/2026, 16:10:00"
0,10,0.7338983178138733,0.053627692397315775,0.708108127117157,0.050643149162274755,"[0.8305084705352783, 0.7288135886192322, 0.6610169410705566, 0.6779661178588867, 0.6779661178588867, 0.7457627058029175, 0.7288135886192322, 0.7966101765632629, 0.7288135886192322, 0.7627118825912476]","[0.6216216087341309, 0.7297297716140747, 0.7297297716140747, 0.7837837934494019, 0.7027027010917664, 0.7297297716140747, 0.7297297716140747, 0.6216216087341309, 0.7027027010917664, 0.7297297716140747]","[[], [], [], [], [], [], [], [], [], []]","[7, 35, 6, 5, 37, 22, 12, 13, 26, 10]",cuda:0,ResNet,1,experiments/result.csv,cornell,0,500,kernel_reg1,agg_homo_soft,1000,3,5 6,10,0.7,0.8,0.5,0.5,0.25,0,0,0,0,1,-1,0,ResNet,2,256,1,8,LayerNorm,residual,0.4,0.001,40,0.001,1000,,0,False,False,False,False,10,False,False,"08/26/2026, 16:10:08"
0,10,0.6355932176113128,0.07420297468411619,0.6000000178813935,0.06344798867541541,"[0.7118644118309021, 0.6271186470985413, 0.5254237055778503, 0.5423728823661804, 0.6271186470985413, 0.694915235042572, 0.5932203531265259, 0.7627118825912476, 0.6610169410705566, 0.6101694703102112]","[0.5675675868988037, 0.5945945978164673, 0.7297297716140747, 0.7027027010917664, 0.5945945978164673, 0.5675675868988037, 0.5405405759811401, 0.5675675868988037, 0.5675675868988037, 0.5675675868988037]","[[], [], [], [], [], [], [], [], [], []]","[5, 6, 4, 4, 3, 10, 15, 16, 7, 4]",cuda:0,GCN,1,experiments/result.csv,cornell,0,500,kernel_reg1,agg_homo_soft,1000,3,5 6,10,0.7,0.8,0.5,0.5,0.25,0,0,0,0,1,-1,0,GCN,2,256,1,8,LayerNorm,residual,0.4,0.001,40,0.001,1000,,0,False,False,False,False,10,False,False,"08/26/2026, 16:10:18"
0,10,0.7372881352901459,0.06253090400676871,0.6918919146060943,0.06136715708214021,"[0.8135592937469482, 0.7118644118309021, 0.694915235042572, 0.6440678238868713, 0.6779661178588867, 0.694915235042572, 0.7288135886192322, 0.7966101765632629, 0.8135592937469482, 0.7966101765632629]","[0.7297297716140747, 0.7027027010917664, 0.7027027010917664, 0.7567567825317383, 0.7297297716140747, 0.5405405759811401, 0.7297297716140747, 0.6756756901741028, 0.7027027010917664, 0.6486486792564392]","[[], [], [], [], [], [], [], [], [], []]","[32, 8, 7, 38, 4, 6, 17, 10, 15, 12]",cuda:0,SAGE,1,experiments/result.csv,cornell,0,500,kernel_reg1,agg_homo_soft,1000,3,5 6,10,0.7,0.8,0.5,0.5,0.25,0,0,0,0,1,-1,0,SAGE,2,256,1,8,LayerNorm,residual,0.4,0.001,40,0.001,1000,,0,False,False,False,False,10,False,False,"08/26/2026, 16:10:29"
0,10,0.6745762646198272,0.052878460756546425,0.6486486613750457,0.0540540681944977,"[0.6271186470985413, 0.694915235042572, 0.7118644118309021, 0.6101694703102112, 0.6610169410705566, 0.6610169410705566, 0.6101694703102112, 0.7796609997749329, 0.6779661178588867, 0.7118644118309021]","[0.7297297716140747, 0.6756756901741028, 0.7297297716140747, 0.6756756901741028, 0.6486486792564392, 0.5675675868988037, 0.5945945978164673, 0.6216216087341309, 0.6216216087341309, 0.6216216087341309]","[[], [], [], [], [], [], [], [], [], []]","[3, 16, 5, 3, 3, 3, 40, 10, 14, 7]",cuda:0,GAT,1,experiments/result.csv,cornell,0,500,kernel_reg1,agg_homo_soft,1000,3,5 6,10,0.7,0.8,0.5,0.5,0.25,0,0,0,0,1,-1,0,GAT,2,256,1,8,LayerNorm,residual,0.4,0.001,40,0.001,1000,,0,False,False,False,False,10,False,False,"08/26/2026, 16:10:40"
0,10,0.8125000119209289,0.03864008520585776,0.7921568751335144,0.04908492087958791,"[0.800000011920929, 0.75, 0.8375000357627869, 0.762499988079071, 0.800000011920929, 0.824999988079071, 0.7875000238418579, 0.8500000238418579, 0.862500011920929, 0.8500000238418579]","[0.7647058963775635, 0.8235294222831726, 0.7450980544090271, 0.7254902124404907, 0.843137264251709, 0.7647058963775635, 0.8235294222831726, 0.7647058963775635, 0.7843137383460999, 0.8823529481887817]","[[], [], [], [], [], [], [], [], [], []]","[5, 7, 23, 4, 7, 14, 24, 12, 31, 46]",cuda:0,ResNet,1,experiments/result.csv,wisconsin,0,500,kernel_reg1,agg_homo_soft,1000,3,5 6,10,0.7,0.8,0.5,0.5,0.25,0,0,0,0,1,-1,0,ResNet,2,256,1,8,LayerNorm,residual,0.4,0.001,40,0.001,1000,,0,False,False,False,False,10,False,False,"08/26/2026, 16:10:49"
0,10,0.7650000095367432,0.02108185530874243,0.7549019753932953,0.06420549520700339,"[0.7750000357627869, 0.75, 0.75, 0.762499988079071, 0.7250000238418579, 0.762499988079071, 0.762499988079071, 0.800000011920929, 0.7875000238418579, 0.7750000357627869]","[0.7058823704719543, 0.7647058963775635, 0.7058823704719543, 0.7647058963775635, 0.7843137383460999, 0.7058823704719543, 0.8235294222831726, 0.6666666865348816, 0.7450980544090271, 0.8823529481887817]","[[], [], [], [], [], [], [], [], [], []]","[5, 7, 6, 4, 8, 9, 23, 13, 6, 14]",cuda:0,GCN,1,experiments/result.csv,wisconsin,0,500,kernel_reg1,agg_homo_soft,1000,3,5 6,10,0.7,0.8,0.5,0.5,0.25,0,0,0,0,1,-1,0,GCN,2,256,1,8,LayerNorm,residual,0.4,0.001,40,0.001,1000,,0,False,False,False,False,10,False,False,"08/26/2026, 16:10:58"
0,10,0.8225000143051148,0.023422454101836625,0.821568638086319,0.036331872631019606,"[0.8500000238418579, 0.7875000238418579, 0.8125, 0.8500000238418579, 0.800000011920929, 0.800000011920929, 0.8125, 0.8500000238418579, 0.8375000357627869, 0.824999988079071]","[0.7647058963775635, 0.843137264251709, 0.8627451062202454, 0.8235294222831726, 0.7843137383460999, 0.8039215803146362, 0.843137264251709, 0.8039215803146362, 0.8039215803146362, 0.8823529481887817]","[[], [], [], [], [], [], [], [], [], []]","[7, 7, 13, 30, 33, 7, 9, 6, 5, 24]",cuda:0,SAGE,1,experiments/result.csv,wisconsin,0,500,kernel_reg1,agg_homo_soft,1000,3,5 6,10,0.7,0.8,0.5,0.5,0.25,0,0,0,0,1,-1,0,SAGE,2,256,1,8,LayerNorm,residual,0.4,0.001,40,0.001,1000,,0,False,False,False,False,10,False,False,"08/26/2026, 16:11:08"
0,10,0.7875000178813935,0.02357023517137185,0.7470588386058807,0.0879078840601242,"[0.800000011920929, 0.7875000238418579, 0.75, 0.8375000357627869, 0.762499988079071, 0.7875000238418579, 0.7875000238418579, 0.800000011920929, 0.7750000357627869, 0.7875000238418579]","[0.686274528503418, 0.7843137383460999, 0.6274510025978088, 0.7254902124404907, 0.7647058963775635, 0.8039215803146362, 0.7843137383460999, 0.6274510025978088, 0.7450980544090271, 0.9215686321258545]","[[], [], [], [], [], [], [], [], [], []]","[5, 6, 4, 3, 3, 3, 4, 17, 4, 5]",cuda:0,GAT,1,experiments/result.csv,wisconsin,0,500,kernel_reg1,agg_homo_soft,1000,3,5 6,10,0.7,0.8,0.5,0.5,0.25,0,0,0,0,1,-1,0,GAT,2,256,1,8,LayerNorm,residual,0.4,0.001,40,0.001,1000,,0,False,False,False,False,10,False,False,"08/26/2026, 16:11:18"
